Workbook

Sheet SEED CHARACTERS
A1: NAME | B1: INSTAGRAM HANDLE | C1: INSTAGRAM PROFILE URL | D1: FOLLOWER COUNT | E1: NUMBER OF POSTS | F1: POSTING FREQUENCY (posts/week, last 14d) | G1: POSTS LAST 7D | H1: AVERAGE LIKES (last 12 posts) | I1: AVERAGE COMMENTS (last 12 posts) | J1: ENGAGEMENT RATE | K1: ESTIMATED ENGAGEMENT LEVEL | L1: LAST POST DATE | M1: RECENT ACTIVITY | N1: FIRST VISIBLE POST / APPROXIMATE DEBUT | O1: CHARACTER BIO | P1: PERSONALITY / ARCHETYPE | Q1: VISUAL STYLE | R1: CONTENT STYLE | S1: RECURRING JOKES / THEMES | T1: MOST SUCCESSFUL POSTS | U1: NOTABLE REELS | V1: VIRAL MOMENTS | W1: BRAND COLLABS (if visible) | X1: OTHER FICTIONAL / AI CHARACTERS THEY INTERACT WITH | Y1: TOKEN / TICKER - on Instagram | Z1: TOKEN / TICKER - user supplied | AA1: TOKEN / TICKER - external (non-IG) | AB1: WEBSITE / LINK IN BIO | AC1: IS THE ACCOUNT ACTIVE? | AD1: WHY THIS CHARACTER IS INTERESTING | AE1: PARODY / IDENTITY DISAMBIGUATION | AF1: ALT / COPYCAT ACCOUNTS FOUND | AG1: FAME SCORE | AH1: MOMENTUM SCORE | AI1: INDEX CANDIDATE SCORE | AJ1: Evidence links (key posts)
A2: Jean Phil | B2: jean_philanthrope | C2: https://www.instagram.com/jean_philanthrope/ | D2: =INDEX('ALL CANDIDATES'!$K$2:$K$63,MATCH($B2,'ALL CANDIDATES'!$C$2:$C$63,0)) -> 241147 | E2: =INDEX('ALL CANDIDATES'!$M$2:$M$63,MATCH($B2,'ALL CANDIDATES'!$C$2:$C$63,0)) -> 12 | F2: =INDEX('ALL CANDIDATES'!$W$2:$W$63,MATCH($B2,'ALL CANDIDATES'!$C$2:$C$63,0)) -> 2 | G2: =INDEX('ALL CANDIDATES'!$T$2:$T$63,MATCH($B2,'ALL CANDIDATES'!$C$2:$C$63,0)) -> 2 | H2: =INDEX('ALL CANDIDATES'!$X$2:$X$63,MATCH($B2,'ALL CANDIDATES'!$C$2:$C$63,0)) -> 297994 | I2: =INDEX('ALL CANDIDATES'!$Z$2:$Z$63,MATCH($B2,'ALL CANDIDATES'!$C$2:$C$63,0)) -> 7823 | J2: =INDEX('ALL CANDIDATES'!$AC$2:$AC$63,MATCH($B2,'ALL CANDIDATES'!$C$2:$C$63,0)) -> 1.2681767 | K2: =INDEX('ALL CANDIDATES'!$AD$2:$AD$63,MATCH($B2,'ALL CANDIDATES'!$C$2:$C$63,0)) -> Very high | L2: =INDEX('ALL CANDIDATES'!$R$2:$R$63,MATCH($B2,'ALL CANDIDATES'!$C$2:$C$63,0)) -> 46302 | M2: OBSERVED: last post 2026-10-07 (Paris Fashion Week / @stellamccartney, 5,981 likes). 2 posts in last 7 days, 4 in last 14. Cadence and engagement falling since the 09-18..09-22 peak. | N2: OBSERVED: first post 2026-09-17 - 'Jab, crochet. T'as senti le danger? 😤' (35,972 likes). Full history (12/12) loaded. External (non-IG): Sprites.ai says the account was created June 2025 and renamed several times - UNKNOWN on IG. | O2: OBSERVED (bio verbatim): Oui Madame. | P2: OBSERVED: catchphrase 'Oui Madame.'; French captions; shadowboxing ('Jab, crochet. T'as senti le danger?'). INFERRED: suave, deadpan French gentleman-fighter / ladies' man | Q2: OBSERVED (grid screenshot): blond bowl/bob haircut, curled moustache, freckles, brown tweed suit + tie; real-world Paris locations | R2: OBSERVED: 12/12 Reels; short vertical clips, French-language captions, music-driven | S2: OBSERVED: 'Oui Madame.' sign-off on most captions; boxing/shadowboxing; Paris landmarks (Tour Eiffel); fashion (Paris Fashion Week, Double G) | T2: OBSERVED: 1) https://www.instagram.com/p/Ddb0QUyqnhG/ 2026-09-19 - 1,708,185 likes / 53,119 comments ('Elle m'appelle le soir...'); 2) https://www.instagram.com/p/Ddb4D8_qH_E/ 2026-09-18 - 921,019 / 15,560 (same lyric caption); 3) https://www.instagram.com/p/DdeBU0CK14n/ 2026-09-19 - 309,612 / 8,147 ('She feels safe with the man.') | U2: OBSERVED: https://www.instagram.com/p/DdmGsuNidFV/ 'Double G. Oui Madame' 219,931 likes; https://www.instagram.com/p/DdjeRwjqH5R/ 'Do you always dress this sharp? Oui Madame.' 195,109; https://www.instagram.com/p/DdhLkjpib7a/ 'Bonjour' 110,763; debut https://www.instagram.com/p/DdZ3IkKiiXx/ 35,972. All 12 posts are Reels; view counts not exposed (UNKNOWN). | V2: OBSERVED: 1.7M-like reel on day 3 of the account (2026-09-19); average 500,084 likes/post in week 1 (7 posts). INFERRED: the template that spawned the wave (rival Archibald Brown debuted 09-20, Abu Shalab 09-25, Benjamin Stachio 09-27). | W2: OBSERVED: tags @stellamccartney (Paris Fashion Week 2026 post) and @lafeve7 - no paid-partnership label captured; UNKNOWN whether paid | X2: OBSERVED (inbound): @archibald_brown (9 mentions - 'come to London and find out…', 'you're next'), @brigittemacaron_ (4 - 'La Jeanconde', 'your father'), @imranpoppadumb (4), @derek.mercer.2006 (2), @dequavious_von (2), @jadeorlhabit_ (bio 'Oui Monsieur… @jean_philanthrope Love U 💋'). Jean's own posts tag no other AI characters. | Y2: OBSERVED: NONE observed in bio/captions | Z2: $JEAN | AA2: $JEANPHIL (pump.fun, Solana) per Dexerto/Sprites.ai - NOT on IG profile | AB2: (none) - story highlight 'Contact' | AC2: YES - OBSERVED last post 2026-10-07 (2 days before capture); slowing (2 posts/7d). | AD2: INFERRED: Patient zero of the Sep-2026 AI-character wave: 1.7M-like reel within 2 days of debut; the hub most other characters tag or call out. | AE2: Original fictional character (no real-person namesake identified). Not to be confused with impostor/promo account @jeanphilanthrope.co ('Evil Twin'). | AF2: @jeanphilanthrope.co (250,667 followers, 'Evil Twin… Create Videos Just Like Me', ~336 likes/post - EXCLUDED); @jean_philanthroope; @phil_john_jean (copycat, 11K); @jeanphilbonjour (fan). | AG2: =INDEX('ALL CANDIDATES'!$BJ$2:$BJ$63,MATCH($B2,'ALL CANDIDATES'!$C$2:$C$63,0)) -> 63.7 | AH2: =INDEX('ALL CANDIDATES'!$BP$2:$BP$63,MATCH($B2,'ALL CANDIDATES'!$C$2:$C$63,0)) -> 53.3 | AI2: =INDEX('ALL CANDIDATES'!$BS$2:$BS$63,MATCH($B2,'ALL CANDIDATES'!$C$2:$C$63,0)) -> 72.3 | AJ2: https://www.instagram.com/p/DdZ3IkKiiXx/ debut https://www.instagram.com/p/Ddb0QUyqnhG/ top https://www.instagram.com/p/Ddb4D8_qH_E/ https://www.instagram.com/p/DdeBU0CK14n/ https://www.instagram.com/p/DeMqmuiiY6J/ latest (PFW/Stella McCartney) https://www.instagram.com/p/Dd_4AYBiSwh/ @lafeve7
A3: Benjamin Stachio | B3: benjamin_stachio | C3: https://www.instagram.com/benjamin_stachio/ | D3: =INDEX('ALL CANDIDATES'!$K$2:$K$63,MATCH($B3,'ALL CANDIDATES'!$C$2:$C$63,0)) -> 101097 | E3: =INDEX('ALL CANDIDATES'!$M$2:$M$63,MATCH($B3,'ALL CANDIDATES'!$C$2:$C$63,0)) -> 15 | F3: =INDEX('ALL CANDIDATES'!$W$2:$W$63,MATCH($B3,'ALL CANDIDATES'!$C$2:$C$63,0)) -> 6 | G3: =INDEX('ALL CANDIDATES'!$T$2:$T$63,MATCH($B3,'ALL CANDIDATES'!$C$2:$C$63,0)) -> 6 | H3: =INDEX('ALL CANDIDATES'!$X$2:$X$63,MATCH($B3,'ALL CANDIDATES'!$C$2:$C$63,0)) -> 8999 | I3: =INDEX('ALL CANDIDATES'!$Z$2:$Z$63,MATCH($B3,'ALL CANDIDATES'!$C$2:$C$63,0)) -> 575 | J3: =INDEX('ALL CANDIDATES'!$AC$2:$AC$63,MATCH($B3,'ALL CANDIDATES'!$C$2:$C$63,0)) -> 0.094701129 | K3: =INDEX('ALL CANDIDATES'!$AD$2:$AD$63,MATCH($B3,'ALL CANDIDATES'!$C$2:$C$63,0)) -> Very high | L3: =INDEX('ALL CANDIDATES'!$R$2:$R$63,MATCH($B3,'ALL CANDIDATES'!$C$2:$C$63,0)) -> 46303 | M3: OBSERVED: last post 2026-10-08 ('About last night 🍎', 627 likes). 6 posts in 7 days. 10-07 pinned announcement: single 'Shut It' released on streaming; 10-07 teaser 'Something big and fun is coming'. | N3: OBSERVED: first post 2026-09-27 - 'Clearing my head' (10,315 likes). Full history (15/15) loaded. | O3: OBSERVED (bio verbatim): Hello Darling / ⚠️No crypto affiliation yet⚠️ | P3: OBSERVED: 'Hello Darling'; travel/dance diary captions ('Visiting Rio de Janeiro', 'Dressed for the meeting'). INFERRED: polite, oblivious party gentleman | Q3: OBSERVED: triple-curl hair swirl + huge curled moustache, oversized neck, white shirt, navy tie, mustard trousers; real-world crowds (bar, Rio, Washington Monument) | R3: OBSERVED: 15/15 Reels; crowd-dance clips | S3: OBSERVED: dancing in crowds; travel (Brazil, Rio, Washington); 'About last night'; music single 'Shut It' announced 10-07 | T3: OBSERVED: 1) https://www.instagram.com/p/Dd2joiwTDJv/ 2026-09-29 'Dancing with friends' - 846,425 likes / 76,277 comments (pinned); 2) https://www.instagram.com/p/Dd4BE9nMR7M/ 2026-09-29 'About last night.' - 43,249 / 2,514; 3) https://www.instagram.com/p/Dd4zsK4sap8/ 2026-09-29 'Visiting Rio de Janeiro' - 22,710 / 925 | U3: OBSERVED: https://www.instagram.com/p/DeMs_zftQSm/ song release 'Shut It' (8,115 likes, pinned); https://www.instagram.com/p/Dd6Q8eVNeBn/ 'Made some friends in Brazil' 9,993 (pinned); https://www.instagram.com/p/Dd1byg2OwdD/ 'Working on my jabs.' 8,690. All 15 posts are Reels. | V3: OBSERVED: bar-dance reel (09-29) - 846K likes and 76K comments, the highest comment count of any seed post. External (non-IG): Dexerto 2026-09-30 reports an X repost by @teddybearisms passing 1.5M views and Grok calling it 'almost certainly AI'. | W3: UNKNOWN - none visible | X3: OBSERVED: none - no tags/mentions of other characters in 15 posts; no inbound mentions captured. | Y3: OBSERVED: NONE - bio explicitly says 'No crypto affiliation yet' | Z3: $STACHE | AA3: None per Dexerto (2026-09-30) | AB3: (none) | AC3: YES - OBSERVED last post 2026-10-08; 6 posts in last 7 days. | AD3: INFERRED: Most visually distinctive body-horror-comedy design of the wave; first character to move into music (single 'Shut It'). | AE3: Original fictional character; no real-person namesake identified. | AF3: @benjamin_stachiio (78 followers, copycat), @benjaminstachio, @darlingbenj, @benjamin_stachin (search results, not reviewed). | AG3: =INDEX('ALL CANDIDATES'!$BJ$2:$BJ$63,MATCH($B3,'ALL CANDIDATES'!$C$2:$C$63,0)) -> 50.9 | AH3: =INDEX('ALL CANDIDATES'!$BP$2:$BP$63,MATCH($B3,'ALL CANDIDATES'!$C$2:$C$63,0)) -> 61.7 | AI3: =INDEX('ALL CANDIDATES'!$BS$2:$BS$63,MATCH($B3,'ALL CANDIDATES'!$C$2:$C$63,0)) -> 59.8 | AJ3: https://www.instagram.com/p/DdzqxONPLaG/ debut https://www.instagram.com/p/Dd2joiwTDJv/ viral https://www.instagram.com/p/Dd4BE9nMR7M/ https://www.instagram.com/p/DeMs_zftQSm/ song 'Shut It' https://www.instagram.com/p/DeMc0YJBHjU/ teaser
A4: Lord Farquaad (parody account) | B4: lord.farquaad.sol | C4: https://www.instagram.com/lord.farquaad.sol/ | D4: =INDEX('ALL CANDIDATES'!$K$2:$K$63,MATCH($B4,'ALL CANDIDATES'!$C$2:$C$63,0)) -> 102526 | E4: =INDEX('ALL CANDIDATES'!$M$2:$M$63,MATCH($B4,'ALL CANDIDATES'!$C$2:$C$63,0)) -> 57 | F4: =INDEX('ALL CANDIDATES'!$W$2:$W$63,MATCH($B4,'ALL CANDIDATES'!$C$2:$C$63,0)) -> 25.5 | G4: =INDEX('ALL CANDIDATES'!$T$2:$T$63,MATCH($B4,'ALL CANDIDATES'!$C$2:$C$63,0)) -> 26 | H4: =INDEX('ALL CANDIDATES'!$X$2:$X$63,MATCH($B4,'ALL CANDIDATES'!$C$2:$C$63,0)) -> 2389 | I4: =INDEX('ALL CANDIDATES'!$Z$2:$Z$63,MATCH($B4,'ALL CANDIDATES'!$C$2:$C$63,0)) -> 38 | J4: =INDEX('ALL CANDIDATES'!$AC$2:$AC$63,MATCH($B4,'ALL CANDIDATES'!$C$2:$C$63,0)) -> 0.023672044 | K4: =INDEX('ALL CANDIDATES'!$AD$2:$AD$63,MATCH($B4,'ALL CANDIDATES'!$C$2:$C$63,0)) -> High | L4: =INDEX('ALL CANDIDATES'!$R$2:$R$63,MATCH($B4,'ALL CANDIDATES'!$C$2:$C$63,0)) -> 46304 | M4: OBSERVED: last post 2026-10-09 (capture day); 26 posts in last 7 days (~3-4/day). Captions now carry '#higgsfieldpartner'. Engagement down from 50,981 avg (09-24..30) to 4,870 avg (10-05..09). | N4: OBSERVED: first post 2026-09-25 (full 57-post history loaded on first pass; earliest captured codes: 09-26 'You buggin' / 'You know I had to hop on this trend'). | O4: OBSERVED (bio verbatim): Some of you may die, but that is a sacrifice I am willing to make / Email: lordfarquaadbusiness@gmail.com / Made with @higgsfield.ai | P4: OBSERVED: bio quotes the film villain's line; captions 'You buggin', 'Feeling fresh', 'Goodnight everyone (say it back)'. INFERRED: pompous tiny tyrant who loves TikTok dance trends | Q4: OBSERVED: black page-boy bob, burgundy medieval tunic/cape, filmed in modern settings (metro, night city) | R4: OBSERVED: 57/57 Reels; trend-dance clips; ~3-4 posts/day | S4: OBSERVED: hopping on dance trends ('You know I had to hop on this trend'); morning dances; milestone thanks ('Thank you for 40k!!') | T4: OBSERVED: 1) https://www.instagram.com/p/DdwhswgBSFq/ 2026-09-26 'Feeling fresh' - 379,725 likes / 2,844 comments; 2) https://www.instagram.com/p/Ddzz7F1hYlR/ 09-27 'Feeling smooth' - 137,053 / 667; 3) https://www.instagram.com/p/Dd3h3r_hnY0/ 09-29 'Early morning dance' - 88,544 / 698 | U4: OBSERVED: https://www.instagram.com/p/Dd4wdxZh3fs/ 'Thank you for 40k!!' 85,156; https://www.instagram.com/p/DdxIVkvB4XF/ 'Hitting this dance every morning' 70,551; https://www.instagram.com/p/DeOsvhjhDoP/ sponsored '#higgsfieldpartner' 8,642. 57/57 Reels. | V4: OBSERVED: 379K-like reel on day 2; '40k' milestone post 09-29; follower count 102.5K by 10-09. | W4: OBSERVED: '#higgsfieldpartner' tags on October captions = Higgsfield AI partnership; 'Made with @higgsfield.ai' in bio | X4: OBSERVED: none (only @higgsfield.ai / @higgsfield.creators / @higgsfield.soul - AI tool accounts). | Y4: OBSERVED: NONE in bio/captions; handle suffix '.sol' suggests Solana link (INFERRED) | Z4: $SHORTKING | AA4: UNKNOWN | AB4: (none) | AC4: YES - OBSERVED most active seed (posted on capture day; 26 posts/7d). | AD4: INFERRED: Highest posting cadence of any seed and an explicit AI-tool sponsorship - shows the brand-deal business model; borrowed IP limits index suitability. | AE4: PARODY of the DreamWorks 'Shrek' villain Lord Farquaad (third-party fictional IP). This account is NOT affiliated with DreamWorks; the bio quotes the film. IP/brand risk for any index product. | AF4: @lord__.farquaad, @l.o.r.d._.farquaad, @lordfarquaad20, @lordfarquaad.93 (search results; fan/meme accounts, not reviewed). | AG4: =INDEX('ALL CANDIDATES'!$BJ$2:$BJ$63,MATCH($B4,'ALL CANDIDATES'!$C$2:$C$63,0)) -> 51.5 | AH4: =INDEX('ALL CANDIDATES'!$BP$2:$BP$63,MATCH($B4,'ALL CANDIDATES'!$C$2:$C$63,0)) -> 64.4 | AI4: =INDEX('ALL CANDIDATES'!$BS$2:$BS$63,MATCH($B4,'ALL CANDIDATES'!$C$2:$C$63,0)) -> 59.3 | AJ4: https://www.instagram.com/p/DdwhswgBSFq/ top https://www.instagram.com/p/Ddzz7F1hYlR/ https://www.instagram.com/p/Dd4wdxZh3fs/ 40k milestone https://www.instagram.com/p/DeOsvhjhDoP/ #higgsfieldpartner https://www.instagram.com/p/DdvPCA8hQ63/ early
A5: Archibald Brown | B5: archibald_brown | C5: https://www.instagram.com/archibald_brown/ | D5: =INDEX('ALL CANDIDATES'!$K$2:$K$63,MATCH($B5,'ALL CANDIDATES'!$C$2:$C$63,0)) -> 131892 | E5: =INDEX('ALL CANDIDATES'!$M$2:$M$63,MATCH($B5,'ALL CANDIDATES'!$C$2:$C$63,0)) -> 56 | F5: =INDEX('ALL CANDIDATES'!$W$2:$W$63,MATCH($B5,'ALL CANDIDATES'!$C$2:$C$63,0)) -> 12.5 | G5: =INDEX('ALL CANDIDATES'!$T$2:$T$63,MATCH($B5,'ALL CANDIDATES'!$C$2:$C$63,0)) -> 5 | H5: =INDEX('ALL CANDIDATES'!$X$2:$X$63,MATCH($B5,'ALL CANDIDATES'!$C$2:$C$63,0)) -> 1302 | I5: =INDEX('ALL CANDIDATES'!$Z$2:$Z$63,MATCH($B5,'ALL CANDIDATES'!$C$2:$C$63,0)) -> 28 | J5: =INDEX('ALL CANDIDATES'!$AC$2:$AC$63,MATCH($B5,'ALL CANDIDATES'!$C$2:$C$63,0)) -> 0.010084008 | K5: =INDEX('ALL CANDIDATES'!$AD$2:$AD$63,MATCH($B5,'ALL CANDIDATES'!$C$2:$C$63,0)) -> Medium | L5: =INDEX('ALL CANDIDATES'!$R$2:$R$63,MATCH($B5,'ALL CANDIDATES'!$C$2:$C$63,0)) -> 46302 | M5: OBSERVED: last post 2026-10-07 ('Who…', 260 likes). 5 posts in 7 days. October storyline: fake UFC signing ('Thanks for this opportunity @danawhite', pinned 10-05) and call-out of Abu Nutty + Jean Phil (10-05). | N5: OBSERVED: first post 2026-09-20 - '0.5 speed' (9,949 likes). Full history (56/56) loaded - 3 days after Jean Phil's debut. | O5: OBSERVED (bio verbatim): DM if you need the 101 on throwing hands? 🥊 | P5: OBSERVED: coaching/fight talk ('101 on throwing hands', 'Quick 101'), call-outs ('@jean_philanthrope come to London and find out…'). INFERRED: cocky London boxer, Jean Phil's nemesis | Q5: OBSERVED: chestnut bowl cut, thin moustache, beige suit + tie; pinned UFC-contract photo; staged photo with a Mike Tyson likeness | R5: OBSERVED: 50 Reels + 6 photos/carousels; highlights 'Going pro', 'Getting him' | S5: OBSERVED: rivalry with Jean Phil; fake UFC career ('Thanks for this opportunity @danawhite'); 'Casper was the warm-up, @abunuttyofficial @jean_philanthrope, you're next' (10-05) | T5: OBSERVED: 1) https://www.instagram.com/p/DdmQOpyMNfr/ 2026-09-22 'Send me a dm for coaching' - 1,106,935 likes / 11,486 comments; 2) https://www.instagram.com/p/Ddlj-kosQ2h/ 09-22 '@jean_philanthrope come to London and find out…' - 196,416 / 4,432; 3) https://www.instagram.com/p/DdodwfSsRBx/ 09-23 'Flowing' - 71,382 / 1,143 | U5: OBSERVED: https://www.instagram.com/p/DdhzWDAM0F7/ '02:00 sesh' 54,754; https://www.instagram.com/p/Ddh3VsKi8vN/ 53,879 / 5,102 comments; https://www.instagram.com/p/DeIXFGUMxmL/ 'Casper was the warm-up, @abunuttyofficial @jean_philanthrope, you're next.' (10-05). 50 Reels + 6 photos. | V5: OBSERVED: 1.1M-like reel on day 3 (09-22) and the Jean Phil call-out the same day; pre-09-24 average 90,924 likes/post (18 posts). | W5: UNKNOWN - real fighters/Dana White are tagged as parody, no partnership label captured | X5: OBSERVED: OUT -> @jean_philanthrope (9; rivalry), @abunuttyofficial (3; call-out). IN <- @percival_ashcrofttt (3). Also tags real fighters/execs as storyline props (@anthonyjoshua, @jonnybones, @miketyson, @danawhite, @rodtang_jimungnon) - NOT real collaborations. | Y5: OBSERVED: NONE observed | Z5: UNKNOWN | AA5: $ARCHIBROWN per Dexerto/Sprites.ai - NOT on IG profile | AB5: archibaldbrown.com (+ Threads @archibald_brown) | AC5: YES - OBSERVED last post 2026-10-07; engagement low (~1-2K likes). | AD5: INFERRED: The storyline engine of the wave: rivalry with Jean Phil, cross-over call-outs to the AI-animal fighters (Abu Nutty, Casper). Strong lore, weak recent engagement. | AE5: Original fictional character (no real-person namesake identified). Real athletes appear only as tagged/AI-generated props; they are not involved. | AF5: @archibaldbrown3, @sir_archibaldfrenchie, @chroniclesofarchibaldbrown, @archeezmo (search results - unrelated or copycats). | AG5: =INDEX('ALL CANDIDATES'!$BJ$2:$BJ$63,MATCH($B5,'ALL CANDIDATES'!$C$2:$C$63,0)) -> 54.5 | AH5: =INDEX('ALL CANDIDATES'!$BP$2:$BP$63,MATCH($B5,'ALL CANDIDATES'!$C$2:$C$63,0)) -> 54.8 | AI5: =INDEX('ALL CANDIDATES'!$BS$2:$BS$63,MATCH($B5,'ALL CANDIDATES'!$C$2:$C$63,0)) -> 68.5 | AJ5: https://www.instagram.com/p/Ddhr_xBsuRK/ debut https://www.instagram.com/p/DdmQOpyMNfr/ top https://www.instagram.com/p/Ddlj-kosQ2h/ Jean call-out https://www.instagram.com/p/DeIXFGUMxmL/ 'you're next' https://www.instagram.com/p/DeIXZFdsCGd/ UFC 'opportunity' https://www.instagram.com/p/DdmINpvsuGs/ 'Mike met the man himself'
A6: Abu Shalab | B6: abu.shalab | C6: https://www.instagram.com/abu.shalab/ | D6: =INDEX('ALL CANDIDATES'!$K$2:$K$63,MATCH($B6,'ALL CANDIDATES'!$C$2:$C$63,0)) -> 531003 | E6: =INDEX('ALL CANDIDATES'!$M$2:$M$63,MATCH($B6,'ALL CANDIDATES'!$C$2:$C$63,0)) -> 27 | F6: =INDEX('ALL CANDIDATES'!$W$2:$W$63,MATCH($B6,'ALL CANDIDATES'!$C$2:$C$63,0)) -> 13.5 | G6: =INDEX('ALL CANDIDATES'!$T$2:$T$63,MATCH($B6,'ALL CANDIDATES'!$C$2:$C$63,0)) -> 11 | H6: =INDEX('ALL CANDIDATES'!$X$2:$X$63,MATCH($B6,'ALL CANDIDATES'!$C$2:$C$63,0)) -> 22069 | I6: =INDEX('ALL CANDIDATES'!$Z$2:$Z$63,MATCH($B6,'ALL CANDIDATES'!$C$2:$C$63,0)) -> 578 | J6: =INDEX('ALL CANDIDATES'!$AC$2:$AC$63,MATCH($B6,'ALL CANDIDATES'!$C$2:$C$63,0)) -> 0.042649477 | K6: =INDEX('ALL CANDIDATES'!$AD$2:$AD$63,MATCH($B6,'ALL CANDIDATES'!$C$2:$C$63,0)) -> High | L6: =INDEX('ALL CANDIDATES'!$R$2:$R$63,MATCH($B6,'ALL CANDIDATES'!$C$2:$C$63,0)) -> 46303 | M6: OBSERVED: last post 2026-10-08 ('Whats up guys !', 1,086 likes). 11 posts in 7 days; October average ~5-30K likes vs ~281K in the first 6 days. | N6: OBSERVED: first post 2026-09-25 - 'Habibi got hands' (30,379 likes). Full history (27/27) loaded. | O6: OBSERVED (bio verbatim): Dancer | Actor | Comedian / Road to 1M followers 😁 (0.52/1M) / Official $ABU👇 | P6: OBSERVED: 'Dancer | Actor | Comedian'; emoji-only captions, 'Heeywa', 'Habibi got hands'. INFERRED: carefree uncle-dancer | Q6: OBSERVED: white thobe, black bob wig, thick moustache; Dubai skyline, cars, airplanes | R6: OBSERVED: 26 Reels + 1 carousel | S6: OBSERVED: dancing anywhere (Disco time, DJ Abu, Abu Verstappen F1 parody); 'Road to 1M' follower goal; $ABU on-chain announcement | T6: OBSERVED: 1) https://www.instagram.com/p/Dduf1zGNri-/ 2026-09-25 'Throwback to when i won red bull dance' - 1,392,520 likes / 16,271 comments; 2) https://www.instagram.com/p/DdxCLS5NMRz/ 09-26 '🏡🕺' - 874,373 / 27,821; 3) https://www.instagram.com/p/DdyLrNpt3UU/ 09-27 'Disco time 😉' - 526,745 / 11,279 | U6: OBSERVED: https://www.instagram.com/p/Dd4WBQrt48X/ '🫶🕺' 289,729 / 32,186 comments; https://www.instagram.com/p/DdzcjsYtSxs/ 'A pump might be fun' 162,781; https://www.instagram.com/p/DeEbl6aNLnv/ 'Abu Verstappen 🏎️' 81,356 (best October post). | V6: OBSERVED: 1.39M-like reel on debut day; ~531K followers in 14 days (bio shows 'Road to 1M followers (0.52/1M)'). | W6: UNKNOWN - none visible | X6: OBSERVED: IN <- @imranpoppadumb (2). No outbound character tags. Clone-style accounts in the same archetype: @abu.yalla, @abdoul.cheqri. | Y6: OBSERVED: $ABU (bio + 10-02 carousel '$ABU Officially on Chain 🚀') | Z6: $ABUJAB | AA6: UNKNOWN | AB6: join.pump.fun/HSag/wsvnmbjs (pump.fun referral) | AC6: YES - OBSERVED last post 2026-10-08; 11 posts/7d. | AD6: INFERRED: Biggest audience among seeds (531K in 14 days) and the clearest IG-native token link ($ABU + pump.fun link in bio). | AE6: Original fictional character (Gulf/Arab 'uncle' archetype). Not a real performer as far as Instagram shows; 'won red bull dance' is an in-character joke (no Red Bull tag). | AF6: @abushalab.official, @abu__shalab, @abu_shalab11, @abu_shalab_ (search results - not reviewed). | AG6: =INDEX('ALL CANDIDATES'!$BJ$2:$BJ$63,MATCH($B6,'ALL CANDIDATES'!$C$2:$C$63,0)) -> 63.2 | AH6: =INDEX('ALL CANDIDATES'!$BP$2:$BP$63,MATCH($B6,'ALL CANDIDATES'!$C$2:$C$63,0)) -> 80.2 | AI6: =INDEX('ALL CANDIDATES'!$BS$2:$BS$63,MATCH($B6,'ALL CANDIDATES'!$C$2:$C$63,0)) -> 71.7 | AJ6: https://www.instagram.com/p/DduMth6NxfU/ debut https://www.instagram.com/p/Dduf1zGNri-/ top https://www.instagram.com/p/DdxCLS5NMRz/ https://www.instagram.com/p/DdyLrNpt3UU/ https://www.instagram.com/p/DdzcjsYtSxs/ 'A pump might be fun' https://www.instagram.com/p/DeAn0u0Dc9M/ '$ABU Officially on Chain'
A7: Brigitte Macaron | B7: brigittemacaron_ | C7: https://www.instagram.com/brigittemacaron_/ | D7: =INDEX('ALL CANDIDATES'!$K$2:$K$63,MATCH($B7,'ALL CANDIDATES'!$C$2:$C$63,0)) -> 4299 | E7: =INDEX('ALL CANDIDATES'!$M$2:$M$63,MATCH($B7,'ALL CANDIDATES'!$C$2:$C$63,0)) -> 18 | F7: =INDEX('ALL CANDIDATES'!$W$2:$W$63,MATCH($B7,'ALL CANDIDATES'!$C$2:$C$63,0)) -> 9 | G7: =INDEX('ALL CANDIDATES'!$T$2:$T$63,MATCH($B7,'ALL CANDIDATES'!$C$2:$C$63,0)) -> 7 | H7: =INDEX('ALL CANDIDATES'!$X$2:$X$63,MATCH($B7,'ALL CANDIDATES'!$C$2:$C$63,0)) -> 6938 | I7: =INDEX('ALL CANDIDATES'!$Z$2:$Z$63,MATCH($B7,'ALL CANDIDATES'!$C$2:$C$63,0)) -> 14 | J7: =INDEX('ALL CANDIDATES'!$AC$2:$AC$63,MATCH($B7,'ALL CANDIDATES'!$C$2:$C$63,0)) -> 1.6171203 | K7: =INDEX('ALL CANDIDATES'!$AD$2:$AD$63,MATCH($B7,'ALL CANDIDATES'!$C$2:$C$63,0)) -> Very high | L7: =INDEX('ALL CANDIDATES'!$R$2:$R$63,MATCH($B7,'ALL CANDIDATES'!$C$2:$C$63,0)) -> 46303 | M7: OBSERVED: last post 2026-10-08 ('Public transport. Private concert 🫦'). 7 posts in 7 days; likes hidden on most posts; comments 1-21 per post. | N7: OBSERVED: first post 2026-09-26 - 'Dua couldn't make it. I was two stops away' (4,911 likes / 62 comments). Full history (18/18) loaded. | O7: OBSERVED (bio verbatim): TikTok: brigittemacaron_ (300K) / Tomorrow's outfit. I'm letting you decide 👇🏻 | P7: OBSERVED: calls fans 'Macaronies'; 'Your father insisted...', 'They challenged the wrong auntie 💅'. INFERRED: flirtatious, fashion-obsessed Parisian matriarch, implied partner of Jean Phil | Q7: OBSERVED: platinum blunt bob, tortoiseshell glasses, red patent jacket / Spider-Man suit outfits, pastries; metro and cafe settings | R7: OBSERVED: 18/18 Reels; 'vote on tomorrow's outfit' interactive format | S7: OBSERVED: outfit voting; Fashion Week (Milan, Paris); Dua Lipa obsession; Jean Phil family references ('La Jeanconde. My greatest masterpiece') | T7: OBSERVED: 1) https://www.instagram.com/p/DeEZ0sEN_Hy/ 2026-10-04 '200K Macaronies on TikTok, in less than 1 week' - 17,442 likes / 91 comments; 2) https://www.instagram.com/p/DdwN0y8t_Xg/ 09-26 - 4,911 / 62; other posts' likes hidden (UNKNOWN). | U7: OBSERVED: https://www.instagram.com/p/Dd6t_drNhuS/ 'La Jeanconde. My greatest masterpiece (so far) 🎨'; https://www.instagram.com/p/Dd6B7oYNEhb/ 'My first Fashion Week. Your father insisted…'; https://www.instagram.com/p/DeKGJoIN3vK/ outfit-vote result ('Apparently I'm Spider…' - 18 comments). 18/18 Reels. | V7: OBSERVED: self-reported '200K Macaronies on TikTok in less than 1 week' (10-04) and 'TikTok: brigittemacaron_ (300K)' in bio. External (non-IG): Sprites.ai cites 16M views in 3 days (creator thread). IG reach itself is modest. | W7: UNKNOWN - Dua Lipa is tagged as a joke, not a partner | X7: OBSERVED: OUT -> @jean_philanthrope (4; implied family - 'La Jeanconde', 'Your father'). Also tags @dualipa (real singer) as a joke. | Y7: OBSERVED: NONE on this account. Copycat @brigitte_macaron_ (268 followers) shows '$MACARON' | Z7: $MADAME | AA7: UNKNOWN | AB7: brigittemacaron.com | AC7: YES - OBSERVED last post 2026-10-08. | AD7: INFERRED: First female lead of the wave and the only one with an interactive audience mechanic (outfit votes); IG is a secondary channel to TikTok. | AE7: PARODY name of a real public figure (Brigitte Macron). This is an AI character, NOT the real person; no affiliation shown. Reputational/legal risk for an index using the name. | AF7: @brigitte_macaron_ (268 followers, '$MACARON', copycat - EXCLUDED); @brigittemacaron__ (298, 1 post); @_brigitte._.macaron_ ('Gone'). | AG7: =INDEX('ALL CANDIDATES'!$BJ$2:$BJ$63,MATCH($B7,'ALL CANDIDATES'!$C$2:$C$63,0)) -> 33.8 | AH7: =INDEX('ALL CANDIDATES'!$BP$2:$BP$63,MATCH($B7,'ALL CANDIDATES'!$C$2:$C$63,0)) -> 52 | AI7: =INDEX('ALL CANDIDATES'!$BS$2:$BS$63,MATCH($B7,'ALL CANDIDATES'!$C$2:$C$63,0)) -> 51.9 | AJ7: https://www.instagram.com/p/DdwN0y8t_Xg/ debut https://www.instagram.com/p/DeEZ0sEN_Hy/ top (TikTok milestone) https://www.instagram.com/p/Dd6t_drNhuS/ 'La Jeanconde' https://www.instagram.com/p/Dd6B7oYNEhb/ Fashion Week
A8: Bill Smith Prince | B8: bill_smith_prince | C8: https://www.instagram.com/bill_smith_prince/ | D8: =INDEX('ALL CANDIDATES'!$K$2:$K$63,MATCH($B8,'ALL CANDIDATES'!$C$2:$C$63,0)) -> 15092 | E8: =INDEX('ALL CANDIDATES'!$M$2:$M$63,MATCH($B8,'ALL CANDIDATES'!$C$2:$C$63,0)) -> 12 | F8: =INDEX('ALL CANDIDATES'!$W$2:$W$63,MATCH($B8,'ALL CANDIDATES'!$C$2:$C$63,0)) -> 3.5 | G8: =INDEX('ALL CANDIDATES'!$T$2:$T$63,MATCH($B8,'ALL CANDIDATES'!$C$2:$C$63,0)) -> 0 | H8: =INDEX('ALL CANDIDATES'!$X$2:$X$63,MATCH($B8,'ALL CANDIDATES'!$C$2:$C$63,0)) -> 13819 | I8: =INDEX('ALL CANDIDATES'!$Z$2:$Z$63,MATCH($B8,'ALL CANDIDATES'!$C$2:$C$63,0)) -> 1015 | J8: =INDEX('ALL CANDIDATES'!$AC$2:$AC$63,MATCH($B8,'ALL CANDIDATES'!$C$2:$C$63,0)) -> 0.98290485 | K8: =INDEX('ALL CANDIDATES'!$AD$2:$AD$63,MATCH($B8,'ALL CANDIDATES'!$C$2:$C$63,0)) -> Very high | L8: =INDEX('ALL CANDIDATES'!$R$2:$R$63,MATCH($B8,'ALL CANDIDATES'!$C$2:$C$63,0)) -> 46297 | M8: OBSERVED: last post 2026-10-02; 0 posts in the 7 days before capture. Recent posts ~1-9K likes vs ~30K average before 09-25. | N8: OBSERVED: earliest post dated 2026-09-22 (full 12/12 history loaded; e.g. 'Sorry not sorry you are still early #boxer'). | O8: OBSERVED (bio verbatim): Official $BillSmith / Ca:zYiF3rA8aWYUuDek3Z3po9NF4V5UDky5nji7Wr6pump / Made with @higgsfield.ai | P8: OBSERVED: 'If you cross me hold your cross very tight', 'Sorry not sorry you are still early #boxer'. INFERRED: menacing-but-fashionable boxer, crypto-shill voice ('you are still early') | Q8: OBSERVED: long white-blond hair, pale skin, burgundy suit + tie; street and phone-review clips | R8: OBSERVED: 9 Reels + 3 other | S8: OBSERVED: boxing/gang hashtags; Gucci suit jokes; 'still early' crypto phrasing | T8: OBSERVED: 1) https://www.instagram.com/p/Ddqo1FvtNyH/ 2026-09-24 'No way he will survive this @gucci make me a new suit…' - 52,286 likes / 1,767 comments; 2) https://www.instagram.com/p/DdoPdKptxDF/ 09-23 'If you cross me hold your cross very tight' - 48,274 / 7,122; 3) https://www.instagram.com/p/DdmSujhN2mt/ 09-22 'Sorry not sorry you are still early' - 47,869 / 2,719 | U8: OBSERVED: the three posts above are Reels; https://www.instagram.com/p/DdtyIBLt2oE/ 09-25 9,256 (best in last 14 days). 9 Reels of 12 posts. | V8: OBSERVED: 7,122 comments on one reel (09-23) - highest comments-per-follower of any seed. No 100K+ post. | W8: UNKNOWN - Gucci tagged, no partnership label | X8: OBSERVED: none (only @gucci and @demna - brand/real designer). | Y8: OBSERVED: $BillSmith + Solana contract address (…pump) in bio | Z8: $FRESHBILL | AA8: UNKNOWN | AB8: (none) | AC8: SLOWING - OBSERVED last post 2026-10-02 (7 days before capture). | AD8: INFERRED: Clearest 'character-as-token-wrapper' case: contract address in bio from day one; small audience but high comment counts on early posts (7,122 on one reel). | AE8: Original fictional character; name not tied to an identified real person. | AF8: UNKNOWN - no copycats found in search ('bill smith' search returns unrelated real people incl. @willsmith). | AG8: =INDEX('ALL CANDIDATES'!$BJ$2:$BJ$63,MATCH($B8,'ALL CANDIDATES'!$C$2:$C$63,0)) -> 36.9 | AH8: =INDEX('ALL CANDIDATES'!$BP$2:$BP$63,MATCH($B8,'ALL CANDIDATES'!$C$2:$C$63,0)) -> 39 | AI8: =INDEX('ALL CANDIDATES'!$BS$2:$BS$63,MATCH($B8,'ALL CANDIDATES'!$C$2:$C$63,0)) -> 45.1 | AJ8: https://www.instagram.com/p/DdmSujhN2mt/ early https://www.instagram.com/p/DdoPdKptxDF/ https://www.instagram.com/p/Ddqo1FvtNyH/ top (Gucci joke) https://www.instagram.com/p/DdtyIBLt2oE/
A10: Legend: OBSERVED = seen on Instagram; INFERRED = analyst interpretation; UNKNOWN = not verifiable on Instagram. Green numbers are live links to ALL CANDIDATES. Snapshot 2026-10-09.

Sheet ALL CANDIDATES
A1: ID | B1: Name | C1: Handle | D1: Profile URL | E1: Group | F1: Inclusion status | G1: Status reason / caveat | H1: Character type | I1: Origin / wave | J1: Verified badge (Y/N) | K1: Followers | L1: Following | M1: Posts (media count) | N1: Posts analysed | O1: Full history loaded? | P1: First visible post date | Q1: First-date basis | R1: Last post date | S1: Days since last post | T1: Posts last 7d | U1: Posts last 14d | V1: Posts last 30d | W1: Posting freq (posts/week, 14d) | X1: Avg likes (last 12) | Y1: Median likes (last 12) | Z1: Avg comments (last 12) | AA1: Median comments (last 12) | AB1: Likes hidden (of last 12) | AC1: Engagement rate | AD1: Engagement level | AE1: Avg likes (14d) | AF1: Avg comments (14d) | AG1: Max likes (analysed posts) | AH1: Top post URL | AI1: Top post date | AJ1: Top post comments | AK1: Top post caption / note | AL1: Top 14d post likes | AM1: Top 14d post URL | AN1: Top 14d post date | AO1: Bio (verbatim) | AP1: Link in bio | AQ1: Ticker / token - Instagram observed | AR1: Ticker - user supplied | AS1: Ticker - external (non-IG) | AT1: Related accounts (IG tags / mentions, count) | AU1: Personality / archetype | AV1: Visual style | AW1: Content format | AX1: Notes / evidence | AY1: INPUT Recognizability (0-5) | AZ1: INPUT Distinct: visual (0-5) | BA1: INPUT Distinct: personality (0-5) | BB1: INPUT Distinct: lore (0-5) | BC1: INPUT Distinct: cross-character (0-5) | BD1: F: followers (0-1) | BE1: F: engagement (0-1) | BF1: F: viral (0-1) | BG1: F: consistency (0-1) | BH1: F: longevity (0-1) | BI1: F: recognizability (0-1) | BJ1: FAME SCORE (0-100) | BK1: M: recent engagement (0-1) | BL1: M: recent viral (0-1) | BM1: M: frequency (0-1) | BN1: M: growth (0-1) | BO1: M: recency (0-1) | BP1: MOMENTUM SCORE (0-100) | BQ1: DISTINCTIVENESS SCORE (0-100) | BR1: Data sufficiency (0-1) | BS1: INDEX CANDIDATE SCORE (0-100) | BT1: rank key: fame | BU1: rank key: momentum | BV1: rank key: distinct | BW1: rank key: index | BX1: Why it matters
A2: 1 | B2: Jean Phil | C2: jean_philanthrope | D2: https://www.instagram.com/jean_philanthrope/ | E2: SEED | F2: INCLUDED | H2: Parody French gentleman-boxer (AI-generated human character) | I2: Sep-2026 AI character / memecoin wave | J2: N | K2: 241147 | L2: 1 | M2: 12 | N2: 12 | O2: YES (12/12) | P2: 46282 | Q2: Full history loaded - first post | R2: 46302 | S2: =IF(R2="","",'SCORING METHOD'!$C$5-R2) -> 2 | T2: 2 | U2: 4 | V2: 12 | W2: =IF(U2="","",U2/2) -> 2 | X2: 297994 | Y2: 110763 | Z2: 7823 | AA2: 2980 | AB2: 0 | AC2: =IF(OR(X2="",K2="",K2=0),"",(X2+N(Z2))/K2) -> 1.2681767 | AD2: =IF(AC2="","UNKNOWN",IF(AC2>=0.05,"Very high",IF(AC2>=0.02,"High",IF(AC2>=0.005,"Medium","Low")))) -> Very high | AE2: 11876 | AF2: 613 | AG2: 1708185 | AH2: https://www.instagram.com/p/Ddb0QUyqnhG/ | AI2: 46284 | AJ2: 53119 | AK2: Elle m'appelle le soir, elle t'appelle bout d'chou | AL2: 23808 | AM2: https://www.instagram.com/p/Ddy7hfsiPyt/ | AN2: 46292 | AO2: Oui Madame. | AP2: (none) - story highlight 'Contact' | AQ2: NONE observed in bio/captions | AR2: $JEAN | AS2: $JEANPHIL (pump.fun, Solana) per Dexerto/Sprites.ai - NOT on IG profile | AT2: IN: archibald_brown (9 mentions, rivalry), brigittemacaron_ (4), imranpoppadumb (4), derek.mercer.2006 (2), dequavious_von (2), jadeorlhabit_ (bio 'Love U'), brigitte_macaron_ (2). OUT: stellamccartney (2, brand), lafeve7 (2, real rapper - music) | AU2: OBSERVED: catchphrase 'Oui Madame.'; French captions; shadowboxing ('Jab, crochet. T'as senti le danger?'). INFERRED: suave, deadpan French gentleman-fighter / ladies' man | AV2: OBSERVED (grid screenshot): blond bowl/bob haircut, curled moustache, freckles, brown tweed suit + tie; real-world Paris locations | AW2: OBSERVED: 12/12 Reels; short vertical clips, French-language captions, music-driven | AX2: Debut 2026-09-17; peak 09-18..09-22 (two reels with 921K and 1.71M likes); October posts 6-9K likes. 'jeanphilanthrope.co' (250K followers, 'Evil Twin') is a separate promo/copycat account - EXCLUDED. | AY2: 5 | AZ2: 5 | BA2: 5 | BB2: 4 | BC2: 5 | BD2: =IF(K2="",0,MAX(0,MIN(1,(LOG10(MAX(1,K2))-3)/4))) -> 0.59557047 | BE2: =IF(X2="",0,MAX(0,MIN(1,(LOG10(MAX(1,X2))-2)/4))) -> 0.86855188 | BF2: =IF(AG2="",0,MAX(0,MIN(1,(LOG10(MAX(1,AG2))-3)/4))) -> 0.80813373 | BG2: =IF(V2="",0,MIN(1,V2/20)) -> 0.6 | BH2: =MAX(IF(P2="",0,MIN(1,('SCORING METHOD'!$C$5-P2)/730)),IF(M2="",0,MAX(0,MIN(1,(LOG10(MAX(1,M2))-1)/2.5)))) -> 0.031672498 | BI2: =IF(J2="Y",0.4,0)+0.6*N(AY2)/5 -> 0.6 | BJ2: =ROUND(BD2*'SCORING METHOD'!$C$6+BE2*'SCORING METHOD'!$C$7+BF2*'SCORING METHOD'!$C$8+BG2*'SCORING METHOD'!$C$9+BH2*'SCORING METHOD'!$C$10+BI2*'SCORING METHOD'!$C$11,1) -> 63.7 | BK2: =IF(AE2="",0,MAX(0,MIN(1,(LOG10(MAX(1,IF(X2="",AE2,MIN(AE2,X2))))-2)/4))) -> 0.51866755 | BL2: =IF(AL2="",0,MAX(0,MIN(1,(LOG10(MAX(1,AL2))-3)/4))) -> 0.34418073 | BM2: =IF(U2="",0,MIN(1,U2/14)) -> 0.28571429 | BN2: =IF(OR(P2="",K2="",N2="",M2="",M2=0),0,IF(AND('SCORING METHOD'!$C$5-P2<=60,N2/M2>=0.5),MAX(0,MIN(1,(LOG10(MAX(1,K2/MAX(1,'SCORING METHOD'!$C$5-P2)))-2)/2.5)),0)) -> 0.81594367 | BO2: =IF(S2="",0,MAX(0,MIN(1,1-(S2-3)/27))) -> 1 | BP2: =ROUND(BK2*'SCORING METHOD'!$C$12+BL2*'SCORING METHOD'!$C$13+BM2*'SCORING METHOD'!$C$14+BN2*'SCORING METHOD'!$C$15+BO2*'SCORING METHOD'!$C$16,1) -> 53.3 | BQ2: =ROUND((N(AZ2)+N(BA2)+N(BB2)+N(BC2))/20*100,1) -> 95 | BR2: =IFERROR(INDEX('DATA SUFFICIENCY'!$J$2:$J$63,MATCH(C2,'DATA SUFFICIENCY'!$B$2:$B$63,0)),0) -> 1 | BS2: =ROUND('SCORING METHOD'!$C$17*BJ2+'SCORING METHOD'!$C$18*BP2+'SCORING METHOD'!$C$19*BQ2+'SCORING METHOD'!$C$20*BR2*100,1) -> 72.3 | BT2: =IF(F2="INCLUDED",BJ2+(1000-ROW())/100000,-1) -> 63.70998 | BU2: =IF(F2="INCLUDED",BP2+(1000-ROW())/100000,-1) -> 53.30998 | BV2: =IF(F2="INCLUDED",BQ2+(1000-ROW())/100000,-1) -> 95.00998 | BW2: =IF(F2="INCLUDED",BS2+(1000-ROW())/100000,-1) -> 72.30998 | BX2: Patient zero of the Sep-2026 AI-character wave: 1.7M-like reel within 2 days of debut; the hub most other characters tag or call out.
A3: 2 | B3: Benjamin Stachio | C3: benjamin_stachio | D3: https://www.instagram.com/benjamin_stachio/ | E3: SEED | F3: INCLUDED | H3: Absurd-proportion dancing gentleman (AI-generated human) | I3: Sep-2026 AI character / memecoin wave | J3: N | K3: 101097 | L3: 0 | M3: 15 | N3: 15 | O3: YES (15/15) | P3: 46292 | Q3: Full history loaded - first post | R3: 46303 | S3: =IF(R3="","",'SCORING METHOD'!$C$5-R3) -> 1 | T3: 6 | U3: 12 | V3: 12 | W3: =IF(U3="","",U3/2) -> 6 | X3: 8999 | Y3: 4168 | Z3: 575 | AA3: 166 | AB3: 0 | AC3: =IF(OR(X3="",K3="",K3=0),"",(X3+N(Z3))/K3) -> 0.094701129 | AD3: =IF(AC3="","UNKNOWN",IF(AC3>=0.05,"Very high",IF(AC3>=0.02,"High",IF(AC3>=0.005,"Medium","Low")))) -> Very high | AE3: 8999 | AF3: 575 | AG3: 846425 | AH3: https://www.instagram.com/p/Dd2joiwTDJv/ | AI3: 46294 | AJ3: 76277 | AK3: Dancing with friends (pinned) | AL3: 43249 | AM3: https://www.instagram.com/p/Dd4BE9nMR7M/ | AN3: 46294 | AO3: Hello Darling / ⚠️No crypto affiliation yet⚠️ | AP3: (none) | AQ3: NONE - bio explicitly says 'No crypto affiliation yet' | AR3: $STACHE | AS3: None per Dexerto (2026-09-30) | AT3: No fictional-character tags/mentions observed in 15 posts | AU3: OBSERVED: 'Hello Darling'; travel/dance diary captions ('Visiting Rio de Janeiro', 'Dressed for the meeting'). INFERRED: polite, oblivious party gentleman | AV3: OBSERVED: triple-curl hair swirl + huge curled moustache, oversized neck, white shirt, navy tie, mustard trousers; real-world crowds (bar, Rio, Washington Monument) | AW3: OBSERVED: 15/15 Reels; crowd-dance clips | AX3: Viral bar-dance reel 09-29 (846K likes / 76K comments; pinned). Pinned 10-07 post announces song 'Shut It' on streaming; 10-07 teaser 'Something big and fun is coming'. | AY3: 4 | AZ3: 5 | BA3: 4 | BB3: 3 | BC3: 1 | BD3: =IF(K3="",0,MAX(0,MIN(1,(LOG10(MAX(1,K3))-3)/4))) -> 0.50118457 | BE3: =IF(X3="",0,MAX(0,MIN(1,(LOG10(MAX(1,X3))-2)/4))) -> 0.48854856 | BF3: =IF(AG3="",0,MAX(0,MIN(1,(LOG10(MAX(1,AG3))-3)/4))) -> 0.73189712 | BG3: =IF(V3="",0,MIN(1,V3/20)) -> 0.6 | BH3: =MAX(IF(P3="",0,MIN(1,('SCORING METHOD'!$C$5-P3)/730)),IF(M3="",0,MAX(0,MIN(1,(LOG10(MAX(1,M3))-1)/2.5)))) -> 0.070436504 | BI3: =IF(J3="Y",0.4,0)+0.6*N(AY3)/5 -> 0.48 | BJ3: =ROUND(BD3*'SCORING METHOD'!$C$6+BE3*'SCORING METHOD'!$C$7+BF3*'SCORING METHOD'!$C$8+BG3*'SCORING METHOD'!$C$9+BH3*'SCORING METHOD'!$C$10+BI3*'SCORING METHOD'!$C$11,1) -> 50.9 | BK3: =IF(AE3="",0,MAX(0,MIN(1,(LOG10(MAX(1,IF(X3="",AE3,MIN(AE3,X3))))-2)/4))) -> 0.48854856 | BL3: =IF(AL3="",0,MAX(0,MIN(1,(LOG10(MAX(1,AL3))-3)/4))) -> 0.40899402 | BM3: =IF(U3="",0,MIN(1,U3/14)) -> 0.85714286 | BN3: =IF(OR(P3="",K3="",N3="",M3="",M3=0),0,IF(AND('SCORING METHOD'!$C$5-P3<=60,N3/M3>=0.5),MAX(0,MIN(1,(LOG10(MAX(1,K3/MAX(1,'SCORING METHOD'!$C$5-P3)))-2)/2.5)),0)) -> 0.77022281 | BO3: =IF(S3="",0,MAX(0,MIN(1,1-(S3-3)/27))) -> 1 | BP3: =ROUND(BK3*'SCORING METHOD'!$C$12+BL3*'SCORING METHOD'!$C$13+BM3*'SCORING METHOD'!$C$14+BN3*'SCORING METHOD'!$C$15+BO3*'SCORING METHOD'!$C$16,1) -> 61.7 | BQ3: =ROUND((N(AZ3)+N(BA3)+N(BB3)+N(BC3))/20*100,1) -> 65 | BR3: =IFERROR(INDEX('DATA SUFFICIENCY'!$J$2:$J$63,MATCH(C3,'DATA SUFFICIENCY'!$B$2:$B$63,0)),0) -> 0.7 | BS3: =ROUND('SCORING METHOD'!$C$17*BJ3+'SCORING METHOD'!$C$18*BP3+'SCORING METHOD'!$C$19*BQ3+'SCORING METHOD'!$C$20*BR3*100,1) -> 59.8 | BT3: =IF(F3="INCLUDED",BJ3+(1000-ROW())/100000,-1) -> 50.90997 | BU3: =IF(F3="INCLUDED",BP3+(1000-ROW())/100000,-1) -> 61.70997 | BV3: =IF(F3="INCLUDED",BQ3+(1000-ROW())/100000,-1) -> 65.00997 | BW3: =IF(F3="INCLUDED",BS3+(1000-ROW())/100000,-1) -> 59.80997 | BX3: Most visually distinctive body-horror-comedy design of the wave; first character to move into music (single 'Shut It').
A4: 3 | B4: Lord Farquaad (parody account) | C4: lord.farquaad.sol | D4: https://www.instagram.com/lord.farquaad.sol/ | E4: SEED | F4: INCLUDED | G4: Parody of a third-party fictional character (Shrek) - IP/brand risk for an index | H4: AI parody of an existing film character, trend-dancing | I4: Sep-2026 AI character / memecoin wave | J4: N | K4: 102526 | L4: 19 | M4: 57 | N4: 57 | O4: YES (57/57 on first pass) | P4: 46290 | Q4: Full history loaded - first post | R4: 46304 | S4: =IF(R4="","",'SCORING METHOD'!$C$5-R4) -> 0 | T4: 26 | U4: 51 | V4: 56 | W4: =IF(U4="","",U4/2) -> 25.5 | X4: 2389 | Y4: 1286 | Z4: 38 | AA4: 34 | AB4: 0 | AC4: =IF(OR(X4="",K4="",K4=0),"",(X4+N(Z4))/K4) -> 0.023672044 | AD4: =IF(AC4="","UNKNOWN",IF(AC4>=0.05,"Very high",IF(AC4>=0.02,"High",IF(AC4>=0.005,"Medium","Low")))) -> High | AE4: 25012 | AF4: 209 | AG4: 379725 | AH4: https://www.instagram.com/p/DdwhswgBSFq/ | AI4: 46291 | AJ4: 2844 | AK4: Feeling fresh | AL4: 379725 | AM4: https://www.instagram.com/p/DdwhswgBSFq/ | AN4: 46291 | AO4: Some of you may die, but that is a sacrifice I am willing to make / Email: lordfarquaadbusiness@gmail.com / Made with @higgsfield.ai | AP4: (none) | AQ4: NONE in bio/captions; handle suffix '.sol' suggests Solana link (INFERRED) | AR4: $SHORTKING | AS4: UNKNOWN | AT4: higgsfield.ai (7), higgsfield.creators (2), higgsfield.soul (1) - AI tool sponsor, not characters | AU4: OBSERVED: bio quotes the film villain's line; captions 'You buggin', 'Feeling fresh', 'Goodnight everyone (say it back)'. INFERRED: pompous tiny tyrant who loves TikTok dance trends | AV4: OBSERVED: black page-boy bob, burgundy medieval tunic/cape, filmed in modern settings (metro, night city) | AW4: OBSERVED: 57/57 Reels; trend-dance clips; ~3-4 posts/day | AX4: Peak week 09-24..30 (21 posts, avg 50,981 likes) -> 10-05..09 (16 posts, avg 4,870). NOT the DreamWorks character itself - fan/AI parody. | AY4: 3 | AZ4: 4 | BA4: 3 | BB4: 2 | BC4: 1 | BD4: =IF(K4="",0,MAX(0,MIN(1,(LOG10(MAX(1,K4))-3)/4))) -> 0.5027085 | BE4: =IF(X4="",0,MAX(0,MIN(1,(LOG10(MAX(1,X4))-2)/4))) -> 0.34455404 | BF4: =IF(AG4="",0,MAX(0,MIN(1,(LOG10(MAX(1,AG4))-3)/4))) -> 0.6448673 | BG4: =IF(V4="",0,MIN(1,V4/20)) -> 1 | BH4: =MAX(IF(P4="",0,MIN(1,('SCORING METHOD'!$C$5-P4)/730)),IF(M4="",0,MAX(0,MIN(1,(LOG10(MAX(1,M4))-1)/2.5)))) -> 0.30234994 | BI4: =IF(J4="Y",0.4,0)+0.6*N(AY4)/5 -> 0.36 | BJ4: =ROUND(BD4*'SCORING METHOD'!$C$6+BE4*'SCORING METHOD'!$C$7+BF4*'SCORING METHOD'!$C$8+BG4*'SCORING METHOD'!$C$9+BH4*'SCORING METHOD'!$C$10+BI4*'SCORING METHOD'!$C$11,1) -> 51.5 | BK4: =IF(AE4="",0,MAX(0,MIN(1,(LOG10(MAX(1,IF(X4="",AE4,MIN(AE4,X4))))-2)/4))) -> 0.34455404 | BL4: =IF(AL4="",0,MAX(0,MIN(1,(LOG10(MAX(1,AL4))-3)/4))) -> 0.6448673 | BM4: =IF(U4="",0,MIN(1,U4/14)) -> 1 | BN4: =IF(OR(P4="",K4="",N4="",M4="",M4=0),0,IF(AND('SCORING METHOD'!$C$5-P4<=60,N4/M4>=0.5),MAX(0,MIN(1,(LOG10(MAX(1,K4/MAX(1,'SCORING METHOD'!$C$5-P4)))-2)/2.5)),0)) -> 0.74588239 | BO4: =IF(S4="",0,MAX(0,MIN(1,1-(S4-3)/27))) -> 1 | BP4: =ROUND(BK4*'SCORING METHOD'!$C$12+BL4*'SCORING METHOD'!$C$13+BM4*'SCORING METHOD'!$C$14+BN4*'SCORING METHOD'!$C$15+BO4*'SCORING METHOD'!$C$16,1) -> 64.4 | BQ4: =ROUND((N(AZ4)+N(BA4)+N(BB4)+N(BC4))/20*100,1) -> 50 | BR4: =IFERROR(INDEX('DATA SUFFICIENCY'!$J$2:$J$63,MATCH(C4,'DATA SUFFICIENCY'!$B$2:$B$63,0)),0) -> 0.8 | BS4: =ROUND('SCORING METHOD'!$C$17*BJ4+'SCORING METHOD'!$C$18*BP4+'SCORING METHOD'!$C$19*BQ4+'SCORING METHOD'!$C$20*BR4*100,1) -> 59.3 | BT4: =IF(F4="INCLUDED",BJ4+(1000-ROW())/100000,-1) -> 51.50996 | BU4: =IF(F4="INCLUDED",BP4+(1000-ROW())/100000,-1) -> 64.40996 | BV4: =IF(F4="INCLUDED",BQ4+(1000-ROW())/100000,-1) -> 50.00996 | BW4: =IF(F4="INCLUDED",BS4+(1000-ROW())/100000,-1) -> 59.30996 | BX4: Highest posting cadence of any seed and an explicit AI-tool sponsorship - shows the brand-deal business model; borrowed IP limits index suitability.
A5: 4 | B5: Archibald Brown | C5: archibald_brown | D5: https://www.instagram.com/archibald_brown/ | E5: SEED | F5: INCLUDED | H5: British boxer / trash-talking rival (AI-generated human) | I5: Sep-2026 AI character / memecoin wave | J5: N | K5: 131892 | L5: 24 | M5: 56 | N5: 56 | O5: YES (56/56) | P5: 46285 | Q5: Full history loaded - first post | R5: 46302 | S5: =IF(R5="","",'SCORING METHOD'!$C$5-R5) -> 2 | T5: 5 | U5: 25 | V5: 53 | W5: =IF(U5="","",U5/2) -> 12.5 | X5: 1302 | Y5: 936 | Z5: 28 | AA5: 25 | AB5: 0 | AC5: =IF(OR(X5="",K5="",K5=0),"",(X5+N(Z5))/K5) -> 0.010084008 | AD5: =IF(AC5="","UNKNOWN",IF(AC5>=0.05,"Very high",IF(AC5>=0.02,"High",IF(AC5>=0.005,"Medium","Low")))) -> Medium | AE5: 2635 | AF5: 62 | AG5: 1106935 | AH5: https://www.instagram.com/p/DdmQOpyMNfr/ | AI5: 46287 | AJ5: 11486 | AK5: Send me a dm for coaching | AL5: 27193 | AM5: https://www.instagram.com/p/DdzwiRxMIMU/ | AN5: 46292 | AO5: DM if you need the 101 on throwing hands? 🥊 | AP5: archibaldbrown.com (+ Threads @archibald_brown) | AQ5: NONE observed | AR5: UNKNOWN | AS5: $ARCHIBROWN per Dexerto/Sprites.ai - NOT on IG profile | AT5: OUT: jean_philanthrope (9; rivalry), abunuttyofficial (3; 'you're next'), danawhite (3, real), anthonyjoshua (12, real), jonnybones (7, real), ___johnjones___ (5), miketyson (1, real), mighty (13, unknown). IN: percival_ashcrofttt (3) | AU5: OBSERVED: coaching/fight talk ('101 on throwing hands', 'Quick 101'), call-outs ('@jean_philanthrope come to London and find out…'). INFERRED: cocky London boxer, Jean Phil's nemesis | AV5: OBSERVED: chestnut bowl cut, thin moustache, beige suit + tie; pinned UFC-contract photo; staged photo with a Mike Tyson likeness | AW5: OBSERVED: 50 Reels + 6 photos/carousels; highlights 'Going pro', 'Getting him' | AX5: Tags real athletes for storyline - these are NOT endorsements. Peak pre-09-24 (18 posts avg 90,924 likes); October ~1-2K likes. | AY5: 4 | AZ5: 4 | BA5: 4 | BB5: 5 | BC5: 5 | BD5: =IF(K5="",0,MAX(0,MIN(1,(LOG10(MAX(1,K5))-3)/4))) -> 0.53005461 | BE5: =IF(X5="",0,MAX(0,MIN(1,(LOG10(MAX(1,X5))-2)/4))) -> 0.27865275 | BF5: =IF(AG5="",0,MAX(0,MIN(1,(LOG10(MAX(1,AG5))-3)/4))) -> 0.76103053 | BG5: =IF(V5="",0,MIN(1,V5/20)) -> 1 | BH5: =MAX(IF(P5="",0,MIN(1,('SCORING METHOD'!$C$5-P5)/730)),IF(M5="",0,MAX(0,MIN(1,(LOG10(MAX(1,M5))-1)/2.5)))) -> 0.29927521 | BI5: =IF(J5="Y",0.4,0)+0.6*N(AY5)/5 -> 0.48 | BJ5: =ROUND(BD5*'SCORING METHOD'!$C$6+BE5*'SCORING METHOD'!$C$7+BF5*'SCORING METHOD'!$C$8+BG5*'SCORING METHOD'!$C$9+BH5*'SCORING METHOD'!$C$10+BI5*'SCORING METHOD'!$C$11,1) -> 54.5 | BK5: =IF(AE5="",0,MAX(0,MIN(1,(LOG10(MAX(1,IF(X5="",AE5,MIN(AE5,X5))))-2)/4))) -> 0.27865275 | BL5: =IF(AL5="",0,MAX(0,MIN(1,(LOG10(MAX(1,AL5))-3)/4))) -> 0.35861428 | BM5: =IF(U5="",0,MIN(1,U5/14)) -> 1 | BN5: =IF(OR(P5="",K5="",N5="",M5="",M5=0),0,IF(AND('SCORING METHOD'!$C$5-P5<=60,N5/M5>=0.5),MAX(0,MIN(1,(LOG10(MAX(1,K5/MAX(1,'SCORING METHOD'!$C$5-P5)))-2)/2.5)),0)) -> 0.73658594 | BO5: =IF(S5="",0,MAX(0,MIN(1,1-(S5-3)/27))) -> 1 | BP5: =ROUND(BK5*'SCORING METHOD'!$C$12+BL5*'SCORING METHOD'!$C$13+BM5*'SCORING METHOD'!$C$14+BN5*'SCORING METHOD'!$C$15+BO5*'SCORING METHOD'!$C$16,1) -> 54.8 | BQ5: =ROUND((N(AZ5)+N(BA5)+N(BB5)+N(BC5))/20*100,1) -> 90 | BR5: =IFERROR(INDEX('DATA SUFFICIENCY'!$J$2:$J$63,MATCH(C5,'DATA SUFFICIENCY'!$B$2:$B$63,0)),0) -> 1 | BS5: =ROUND('SCORING METHOD'!$C$17*BJ5+'SCORING METHOD'!$C$18*BP5+'SCORING METHOD'!$C$19*BQ5+'SCORING METHOD'!$C$20*BR5*100,1) -> 68.5 | BT5: =IF(F5="INCLUDED",BJ5+(1000-ROW())/100000,-1) -> 54.50995 | BU5: =IF(F5="INCLUDED",BP5+(1000-ROW())/100000,-1) -> 54.80995 | BV5: =IF(F5="INCLUDED",BQ5+(1000-ROW())/100000,-1) -> 90.00995 | BW5: =IF(F5="INCLUDED",BS5+(1000-ROW())/100000,-1) -> 68.50995 | BX5: The storyline engine of the wave: rivalry with Jean Phil, cross-over call-outs to the AI-animal fighters (Abu Nutty, Casper). Strong lore, weak recent engagement.
A6: 5 | B6: Abu Shalab | C6: abu.shalab | D6: https://www.instagram.com/abu.shalab/ | E6: SEED | F6: INCLUDED | H6: Gulf-style dancing comedian (AI-generated human) | I6: Sep-2026 AI character / memecoin wave | J6: N | K6: 531003 | L6: 0 | M6: 27 | N6: 27 | O6: YES (27/27) | P6: 46290 | Q6: Full history loaded - first post | R6: 46303 | S6: =IF(R6="","",'SCORING METHOD'!$C$5-R6) -> 1 | T6: 11 | U6: 27 | V6: 27 | W6: =IF(U6="","",U6/2) -> 13.5 | X6: 22069 | Y6: 9664 | Z6: 578 | AA6: 437 | AB6: 0 | AC6: =IF(OR(X6="",K6="",K6=0),"",(X6+N(Z6))/K6) -> 0.042649477 | AD6: =IF(AC6="","UNKNOWN",IF(AC6>=0.05,"Very high",IF(AC6>=0.02,"High",IF(AC6>=0.005,"Medium","Low")))) -> High | AE6: 157239 | AF6: 4532 | AG6: 1392520 | AH6: https://www.instagram.com/p/Dduf1zGNri-/ | AI6: 46290 | AJ6: 16271 | AK6: Throwback to when i won red bull dance | AL6: 1392520 | AM6: https://www.instagram.com/p/Dduf1zGNri-/ | AN6: 46290 | AO6: Dancer | Actor | Comedian / Road to 1M followers 😁 (0.52/1M) / Official $ABU👇 | AP6: join.pump.fun/HSag/wsvnmbjs (pump.fun referral) | AQ6: $ABU (bio + 10-02 carousel '$ABU Officially on Chain 🚀') | AR6: $ABUJAB | AS6: UNKNOWN | AT6: IN: imranpoppadumb (2). No outbound character tags observed | AU6: OBSERVED: 'Dancer | Actor | Comedian'; emoji-only captions, 'Heeywa', 'Habibi got hands'. INFERRED: carefree uncle-dancer | AV6: OBSERVED: white thobe, black bob wig, thick moustache; Dubai skyline, cars, airplanes | AW6: OBSERVED: 26 Reels + 1 carousel | AX6: Largest seed by followers. First 5 days (09-25..29) produced 1.39M, 874K and 527K-like reels; October posts 1-81K likes. | AY6: 3 | AZ6: 5 | BA6: 4 | BB6: 2 | BC6: 1 | BD6: =IF(K6="",0,MAX(0,MIN(1,(LOG10(MAX(1,K6))-3)/4))) -> 0.68127424 | BE6: =IF(X6="",0,MAX(0,MIN(1,(LOG10(MAX(1,X6))-2)/4))) -> 0.58594566 | BF6: =IF(AG6="",0,MAX(0,MIN(1,(LOG10(MAX(1,AG6))-3)/4))) -> 0.78595036 | BG6: =IF(V6="",0,MIN(1,V6/20)) -> 1 | BH6: =MAX(IF(P6="",0,MIN(1,('SCORING METHOD'!$C$5-P6)/730)),IF(M6="",0,MAX(0,MIN(1,(LOG10(MAX(1,M6))-1)/2.5)))) -> 0.17254551 | BI6: =IF(J6="Y",0.4,0)+0.6*N(AY6)/5 -> 0.36 | BJ6: =ROUND(BD6*'SCORING METHOD'!$C$6+BE6*'SCORING METHOD'!$C$7+BF6*'SCORING METHOD'!$C$8+BG6*'SCORING METHOD'!$C$9+BH6*'SCORING METHOD'!$C$10+BI6*'SCORING METHOD'!$C$11,1) -> 63.2 | BK6: =IF(AE6="",0,MAX(0,MIN(1,(LOG10(MAX(1,IF(X6="",AE6,MIN(AE6,X6))))-2)/4))) -> 0.58594566 | BL6: =IF(AL6="",0,MAX(0,MIN(1,(LOG10(MAX(1,AL6))-3)/4))) -> 0.78595036 | BM6: =IF(U6="",0,MIN(1,U6/14)) -> 1 | BN6: =IF(OR(P6="",K6="",N6="",M6="",M6=0),0,IF(AND('SCORING METHOD'!$C$5-P6<=60,N6/M6>=0.5),MAX(0,MIN(1,(LOG10(MAX(1,K6/MAX(1,'SCORING METHOD'!$C$5-P6)))-2)/2.5)),0)) -> 1 | BO6: =IF(S6="",0,MAX(0,MIN(1,1-(S6-3)/27))) -> 1 | BP6: =ROUND(BK6*'SCORING METHOD'!$C$12+BL6*'SCORING METHOD'!$C$13+BM6*'SCORING METHOD'!$C$14+BN6*'SCORING METHOD'!$C$15+BO6*'SCORING METHOD'!$C$16,1) -> 80.2 | BQ6: =ROUND((N(AZ6)+N(BA6)+N(BB6)+N(BC6))/20*100,1) -> 60 | BR6: =IFERROR(INDEX('DATA SUFFICIENCY'!$J$2:$J$63,MATCH(C6,'DATA SUFFICIENCY'!$B$2:$B$63,0)),0) -> 0.9 | BS6: =ROUND('SCORING METHOD'!$C$17*BJ6+'SCORING METHOD'!$C$18*BP6+'SCORING METHOD'!$C$19*BQ6+'SCORING METHOD'!$C$20*BR6*100,1) -> 71.7 | BT6: =IF(F6="INCLUDED",BJ6+(1000-ROW())/100000,-1) -> 63.20994 | BU6: =IF(F6="INCLUDED",BP6+(1000-ROW())/100000,-1) -> 80.20994 | BV6: =IF(F6="INCLUDED",BQ6+(1000-ROW())/100000,-1) -> 60.00994 | BW6: =IF(F6="INCLUDED",BS6+(1000-ROW())/100000,-1) -> 71.70994 | BX6: Biggest audience among seeds (531K in 14 days) and the clearest IG-native token link ($ABU + pump.fun link in bio).
A7: 6 | B7: Brigitte Macaron | C7: brigittemacaron_ | D7: https://www.instagram.com/brigittemacaron_/ | E7: SEED | F7: INCLUDED | G7: Parody of a real public figure's name (Brigitte Macron) - NOT that person | H7: Parisian 'auntie' fashion persona (AI-generated human) | I7: Sep-2026 AI character / memecoin wave | J7: N | K7: 4299 | L7: 1 | M7: 18 | N7: 18 | O7: YES (18/18) | P7: 46291 | Q7: Full history loaded - first post | R7: 46303 | S7: =IF(R7="","",'SCORING METHOD'!$C$5-R7) -> 1 | T7: 7 | U7: 18 | V7: 18 | W7: =IF(U7="","",U7/2) -> 9 | X7: 6938 | Y7: 4911 | Z7: 14 | AA7: 5 | AB7: 11 | AC7: =IF(OR(X7="",K7="",K7=0),"",(X7+N(Z7))/K7) -> 1.6171203 | AD7: =IF(AC7="","UNKNOWN",IF(AC7>=0.05,"Very high",IF(AC7>=0.02,"High",IF(AC7>=0.005,"Medium","Low")))) -> Very high | AE7: 6938 | AF7: 63 | AG7: 17442 | AH7: https://www.instagram.com/p/DeEZ0sEN_Hy/ | AI7: 46299 | AJ7: 91 | AK7: 200K Macaronies on TikTok, in less than 1 week... | AL7: 17442 | AM7: https://www.instagram.com/p/DeEZ0sEN_Hy/ | AN7: 46299 | AO7: TikTok: brigittemacaron_ (300K) / Tomorrow's outfit. I'm letting you decide 👇🏻 | AP7: brigittemacaron.com | AQ7: NONE on this account. Copycat @brigitte_macaron_ (268 followers) shows '$MACARON' | AR7: $MADAME | AS7: UNKNOWN | AT7: OUT: jean_philanthrope (4; 'La Jeanconde', 'your father' lore), dualipa (3, real singer) | AU7: OBSERVED: calls fans 'Macaronies'; 'Your father insisted...', 'They challenged the wrong auntie 💅'. INFERRED: flirtatious, fashion-obsessed Parisian matriarch, implied partner of Jean Phil | AV7: OBSERVED: platinum blunt bob, tortoiseshell glasses, red patent jacket / Spider-Man suit outfits, pastries; metro and cafe settings | AW7: OBSERVED: 18/18 Reels; 'vote on tomorrow's outfit' interactive format | AX7: Likes are HIDDEN on 14/18 posts (API returns placeholder 3) -> avg likes uses the 4 visible posts. Main audience is TikTok (300K per bio). Two IG accounts exist: brigittemacaron_ (primary: website + TikTok link) and brigitte_macaron_ (copycat). | AY7: 3 | AZ7: 4 | BA7: 4 | BB7: 3 | BC7: 3 | BD7: =IF(K7="",0,MAX(0,MIN(1,(LOG10(MAX(1,K7))-3)/4))) -> 0.15834186 | BE7: =IF(X7="",0,MAX(0,MIN(1,(LOG10(MAX(1,X7))-2)/4))) -> 0.46030857 | BF7: =IF(AG7="",0,MAX(0,MIN(1,(LOG10(MAX(1,AG7))-3)/4))) -> 0.31039907 | BG7: =IF(V7="",0,MIN(1,V7/20)) -> 0.9 | BH7: =MAX(IF(P7="",0,MIN(1,('SCORING METHOD'!$C$5-P7)/730)),IF(M7="",0,MAX(0,MIN(1,(LOG10(MAX(1,M7))-1)/2.5)))) -> 0.102109 | BI7: =IF(J7="Y",0.4,0)+0.6*N(AY7)/5 -> 0.36 | BJ7: =ROUND(BD7*'SCORING METHOD'!$C$6+BE7*'SCORING METHOD'!$C$7+BF7*'SCORING METHOD'!$C$8+BG7*'SCORING METHOD'!$C$9+BH7*'SCORING METHOD'!$C$10+BI7*'SCORING METHOD'!$C$11,1) -> 33.8 | BK7: =IF(AE7="",0,MAX(0,MIN(1,(LOG10(MAX(1,IF(X7="",AE7,MIN(AE7,X7))))-2)/4))) -> 0.46030857 | BL7: =IF(AL7="",0,MAX(0,MIN(1,(LOG10(MAX(1,AL7))-3)/4))) -> 0.31039907 | BM7: =IF(U7="",0,MIN(1,U7/14)) -> 1 | BN7: =IF(OR(P7="",K7="",N7="",M7="",M7=0),0,IF(AND('SCORING METHOD'!$C$5-P7<=60,N7/M7>=0.5),MAX(0,MIN(1,(LOG10(MAX(1,K7/MAX(1,'SCORING METHOD'!$C$5-P7)))-2)/2.5)),0)) -> 0.20776964 | BO7: =IF(S7="",0,MAX(0,MIN(1,1-(S7-3)/27))) -> 1 | BP7: =ROUND(BK7*'SCORING METHOD'!$C$12+BL7*'SCORING METHOD'!$C$13+BM7*'SCORING METHOD'!$C$14+BN7*'SCORING METHOD'!$C$15+BO7*'SCORING METHOD'!$C$16,1) -> 52 | BQ7: =ROUND((N(AZ7)+N(BA7)+N(BB7)+N(BC7))/20*100,1) -> 70 | BR7: =IFERROR(INDEX('DATA SUFFICIENCY'!$J$2:$J$63,MATCH(C7,'DATA SUFFICIENCY'!$B$2:$B$63,0)),0) -> 0.7 | BS7: =ROUND('SCORING METHOD'!$C$17*BJ7+'SCORING METHOD'!$C$18*BP7+'SCORING METHOD'!$C$19*BQ7+'SCORING METHOD'!$C$20*BR7*100,1) -> 51.9 | BT7: =IF(F7="INCLUDED",BJ7+(1000-ROW())/100000,-1) -> 33.80993 | BU7: =IF(F7="INCLUDED",BP7+(1000-ROW())/100000,-1) -> 52.00993 | BV7: =IF(F7="INCLUDED",BQ7+(1000-ROW())/100000,-1) -> 70.00993 | BW7: =IF(F7="INCLUDED",BS7+(1000-ROW())/100000,-1) -> 51.90993 | BX7: First female lead of the wave and the only one with an interactive audience mechanic (outfit votes); IG is a secondary channel to TikTok.
A8: 7 | B8: Bill Smith Prince | C8: bill_smith_prince | D8: https://www.instagram.com/bill_smith_prince/ | E8: SEED | F8: INCLUDED | H8: Platinum-haired boxing 'prince' / fashion gangster (AI-generated human) | I8: Sep-2026 AI character / memecoin wave | J8: N | K8: 15092 | L8: 1 | M8: 12 | N8: 12 | O8: YES (12/12) | P8: 46287 | Q8: Full history loaded - first post | R8: 46297 | S8: =IF(R8="","",'SCORING METHOD'!$C$5-R8) -> 7 | T8: 0 | U8: 7 | V8: 12 | W8: =IF(U8="","",U8/2) -> 3.5 | X8: 13819 | Y8: 2046 | Z8: 1015 | AA8: 87 | AB8: 0 | AC8: =IF(OR(X8="",K8="",K8=0),"",(X8+N(Z8))/K8) -> 0.98290485 | AD8: =IF(AC8="","UNKNOWN",IF(AC8>=0.05,"Very high",IF(AC8>=0.02,"High",IF(AC8>=0.005,"Medium","Low")))) -> Very high | AE8: 1941 | AF8: 67 | AG8: 52286 | AH8: https://www.instagram.com/p/Ddqo1FvtNyH/ | AI8: 46289 | AJ8: 1767 | AK8: No way he will survive this @gucci make me a new suit... | AL8: 9256 | AM8: https://www.instagram.com/p/DdtyIBLt2oE/ | AN8: 46290 | AO8: Official $BillSmith / Ca:zYiF3rA8aWYUuDek3Z3po9NF4V5UDky5nji7Wr6pump / Made with @higgsfield.ai | AP8: (none) | AQ8: $BillSmith + Solana contract address (…pump) in bio | AR8: $FRESHBILL | AS8: UNKNOWN | AT8: OUT: gucci (5, brand), demna (1, real designer). No fictional-character tags | AU8: OBSERVED: 'If you cross me hold your cross very tight', 'Sorry not sorry you are still early #boxer'. INFERRED: menacing-but-fashionable boxer, crypto-shill voice ('you are still early') | AV8: OBSERVED: long white-blond hair, pale skin, burgundy suit + tie; street and phone-review clips | AW8: OBSERVED: 9 Reels + 3 other | AX8: No posts since 2026-10-02 (7 days at capture) -> cooling. Ticker on IG ($BillSmith) differs from the user-supplied $FRESHBILL. | AY8: 2 | AZ8: 4 | BA8: 3 | BB8: 2 | BC8: 1 | BD8: =IF(K8="",0,MAX(0,MIN(1,(LOG10(MAX(1,K8))-3)/4))) -> 0.2946867 | BE8: =IF(X8="",0,MAX(0,MIN(1,(LOG10(MAX(1,X8))-2)/4))) -> 0.53511915 | BF8: =IF(AG8="",0,MAX(0,MIN(1,(LOG10(MAX(1,AG8))-3)/4))) -> 0.42959635 | BG8: =IF(V8="",0,MIN(1,V8/20)) -> 0.6 | BH8: =MAX(IF(P8="",0,MIN(1,('SCORING METHOD'!$C$5-P8)/730)),IF(M8="",0,MAX(0,MIN(1,(LOG10(MAX(1,M8))-1)/2.5)))) -> 0.031672498 | BI8: =IF(J8="Y",0.4,0)+0.6*N(AY8)/5 -> 0.24 | BJ8: =ROUND(BD8*'SCORING METHOD'!$C$6+BE8*'SCORING METHOD'!$C$7+BF8*'SCORING METHOD'!$C$8+BG8*'SCORING METHOD'!$C$9+BH8*'SCORING METHOD'!$C$10+BI8*'SCORING METHOD'!$C$11,1) -> 36.9 | BK8: =IF(AE8="",0,MAX(0,MIN(1,(LOG10(MAX(1,IF(X8="",AE8,MIN(AE8,X8))))-2)/4))) -> 0.32200638 | BL8: =IF(AL8="",0,MAX(0,MIN(1,(LOG10(MAX(1,AL8))-3)/4))) -> 0.24160584 | BM8: =IF(U8="",0,MIN(1,U8/14)) -> 0.5 | BN8: =IF(OR(P8="",K8="",N8="",M8="",M8=0),0,IF(AND('SCORING METHOD'!$C$5-P8<=60,N8/M8>=0.5),MAX(0,MIN(1,(LOG10(MAX(1,K8/MAX(1,'SCORING METHOD'!$C$5-P8)))-2)/2.5)),0)) -> 0.37931915 | BO8: =IF(S8="",0,MAX(0,MIN(1,1-(S8-3)/27))) -> 0.85185185 | BP8: =ROUND(BK8*'SCORING METHOD'!$C$12+BL8*'SCORING METHOD'!$C$13+BM8*'SCORING METHOD'!$C$14+BN8*'SCORING METHOD'!$C$15+BO8*'SCORING METHOD'!$C$16,1) -> 39 | BQ8: =ROUND((N(AZ8)+N(BA8)+N(BB8)+N(BC8))/20*100,1) -> 50 | BR8: =IFERROR(INDEX('DATA SUFFICIENCY'!$J$2:$J$63,MATCH(C8,'DATA SUFFICIENCY'!$B$2:$B$63,0)),0) -> 0.7 | BS8: =ROUND('SCORING METHOD'!$C$17*BJ8+'SCORING METHOD'!$C$18*BP8+'SCORING METHOD'!$C$19*BQ8+'SCORING METHOD'!$C$20*BR8*100,1) -> 45.1 | BT8: =IF(F8="INCLUDED",BJ8+(1000-ROW())/100000,-1) -> 36.90992 | BU8: =IF(F8="INCLUDED",BP8+(1000-ROW())/100000,-1) -> 39.00992 | BV8: =IF(F8="INCLUDED",BQ8+(1000-ROW())/100000,-1) -> 50.00992 | BW8: =IF(F8="INCLUDED",BS8+(1000-ROW())/100000,-1) -> 45.10992 | BX8: Clearest 'character-as-token-wrapper' case: contract address in bio from day one; small audience but high comment counts on early posts (7,122 on one reel).
A9: 8 | B9: Derek Mercer | C9: derek.mercer.2006 | D9: https://www.instagram.com/derek.mercer.2006/ | E9: DISCOVERED | F9: INCLUDED | H9: Long-haired hyper-muscular gym bro (AI human) | I9: Sep-2026 AI character / memecoin wave | J9: Y | K9: 63330 | L9: 1 | M9: 30 | N9: 24 | O9: PARTIAL (24/30 returned) | P9: 46288 | Q9: Oldest of 24 returned posts | R9: 46303 | S9: =IF(R9="","",'SCORING METHOD'!$C$5-R9) -> 1 | T9: 8 | U9: 18 | V9: 22 | W9: =IF(U9="","",U9/2) -> 9 | X9: 349345 | Y9: 18912 | Z9: 1963 | AA9: 550 | AB9: 0 | AC9: =IF(OR(X9="",K9="",K9=0),"",(X9+N(Z9))/K9) -> 5.5472604 | AD9: =IF(AC9="","UNKNOWN",IF(AC9>=0.05,"Very high",IF(AC9>=0.02,"High",IF(AC9>=0.005,"Medium","Low")))) -> Very high | AE9: 301185 | AF9: 1843 | AG9: 3150423 | AH9: https://www.instagram.com/p/Dd1y2m2sMRB/ | AI9: 46294 | AJ9: 7700 | AK9: Remember your gym bro. | AL9: 3150423 | AM9: https://www.instagram.com/p/Dd1y2m2sMRB/ | AN9: 46294 | AO9: Σ / CA: 7Xgc5RacHtGzfhw2HukUBk5V986yBbvshr7rrCoopump | AP9: derekmercer2006.com (earlier: join.pump.fun/HSag/6yv0t32g); Threads @derek.mercer.2006 | AQ9: Contract address (…pump) in bio | AS9: $DRMR per Dexerto/Sprites.ai | AT9: jean_philanthrope (2), sickmanai (2), monsterenergy (4, brand), higgsfield.ai (3), fortnite (brand); grid shows Higgsfield 'AI INFLUENCER - short drama' crossover poster | AU9: OBSERVED: sigma/gym captions ('He was mogged.', 'Pumping with GIGACAT'). INFERRED: looksmaxxing gym-bro meme | AV9: OBSERVED: black emo hair over eyes, cartoonishly huge muscles, Monster Energy outfit | AW9: Reels | AX9: Highest single-post likes in the dataset (3.15M). Verified badge. | AY9: 4 | AZ9: 5 | BA9: 4 | BB9: 3 | BC9: 4 | BD9: =IF(K9="",0,MAX(0,MIN(1,(LOG10(MAX(1,K9))-3)/4))) -> 0.45040237 | BE9: =IF(X9="",0,MAX(0,MIN(1,(LOG10(MAX(1,X9))-2)/4))) -> 0.88581363 | BF9: =IF(AG9="",0,MAX(0,MIN(1,(LOG10(MAX(1,AG9))-3)/4))) -> 0.87459222 | BG9: =IF(V9="",0,MIN(1,V9/20)) -> 1 | BH9: =MAX(IF(P9="",0,MIN(1,('SCORING METHOD'!$C$5-P9)/730)),IF(M9="",0,MAX(0,MIN(1,(LOG10(MAX(1,M9))-1)/2.5)))) -> 0.1908485 | BI9: =IF(J9="Y",0.4,0)+0.6*N(AY9)/5 -> 0.88 | BJ9: =ROUND(BD9*'SCORING METHOD'!$C$6+BE9*'SCORING METHOD'!$C$7+BF9*'SCORING METHOD'!$C$8+BG9*'SCORING METHOD'!$C$9+BH9*'SCORING METHOD'!$C$10+BI9*'SCORING METHOD'!$C$11,1) -> 69.4 | BK9: =IF(AE9="",0,MAX(0,MIN(1,(LOG10(MAX(1,IF(X9="",AE9,MIN(AE9,X9))))-2)/4))) -> 0.86970833 | BL9: =IF(AL9="",0,MAX(0,MIN(1,(LOG10(MAX(1,AL9))-3)/4))) -> 0.87459222 | BM9: =IF(U9="",0,MIN(1,U9/14)) -> 1 | BN9: =IF(OR(P9="",K9="",N9="",M9="",M9=0),0,IF(AND('SCORING METHOD'!$C$5-P9<=60,N9/M9>=0.5),MAX(0,MIN(1,(LOG10(MAX(1,K9/MAX(1,'SCORING METHOD'!$C$5-P9)))-2)/2.5)),0)) -> 0.6389958 | BO9: =IF(S9="",0,MAX(0,MIN(1,1-(S9-3)/27))) -> 1 | BP9: =ROUND(BK9*'SCORING METHOD'!$C$12+BL9*'SCORING METHOD'!$C$13+BM9*'SCORING METHOD'!$C$14+BN9*'SCORING METHOD'!$C$15+BO9*'SCORING METHOD'!$C$16,1) -> 86.9 | BQ9: =ROUND((N(AZ9)+N(BA9)+N(BB9)+N(BC9))/20*100,1) -> 80 | BR9: =IFERROR(INDEX('DATA SUFFICIENCY'!$J$2:$J$63,MATCH(C9,'DATA SUFFICIENCY'!$B$2:$B$63,0)),0) -> 0.8 | BS9: =ROUND('SCORING METHOD'!$C$17*BJ9+'SCORING METHOD'!$C$18*BP9+'SCORING METHOD'!$C$19*BQ9+'SCORING METHOD'!$C$20*BR9*100,1) -> 78.4 | BT9: =IF(F9="INCLUDED",BJ9+(1000-ROW())/100000,-1) -> 69.40991 | BU9: =IF(F9="INCLUDED",BP9+(1000-ROW())/100000,-1) -> 86.90991 | BV9: =IF(F9="INCLUDED",BQ9+(1000-ROW())/100000,-1) -> 80.00991 | BW9: =IF(F9="INCLUDED",BS9+(1000-ROW())/100000,-1) -> 78.40991 | BX9: Breakout of the wave: 3.15M-like reel, verified badge, brand-style Monster Energy content, crossovers with Jean Phil and Sickman.
A10: 9 | B10: Abu Nutty | C10: abunuttyofficial | D10: https://www.instagram.com/abunuttyofficial/ | E10: DISCOVERED | F10: INCLUDED | H10: Undefeated AI monkey MMA fighter | I10: AI-animal fighter universe (Higgsfield creators) | J10: Y | K10: 127549 | M10: 52 | N10: 32 | O10: PARTIAL (32/52) | P10: 46276 | Q10: Oldest of 32 sampled posts | R10: 46303 | S10: =IF(R10="","",'SCORING METHOD'!$C$5-R10) -> 1 | T10: 5 | U10: 14 | V10: 19 | W10: =IF(U10="","",U10/2) -> 7 | X10: 43627 | Y10: 40821 | Z10: 560 | AA10: 494 | AB10: 0 | AC10: =IF(OR(X10="",K10="",K10=0),"",(X10+N(Z10))/K10) -> 0.34643157 | AD10: =IF(AC10="","UNKNOWN",IF(AC10>=0.05,"Very high",IF(AC10>=0.02,"High",IF(AC10>=0.005,"Medium","Low")))) -> Very high | AE10: 41952 | AF10: 526 | AG10: 672934 | AK10: (max seen in 32-post sample; code not captured). Best captured: DdrXuZJR431 09-24 293,316 likes | AL10: 119425 | AM10: https://www.instagram.com/p/Dd9effMAN2F/ | AN10: 46296 | AO10: Undefeated 6-0 / Follow for more Abu Nutty! / Higgsfield Creative Partner 🧩 / MERCH ON SALE NOW! | AP10: linktr.ee/abunutty | AQ10: NONE observed | AS10: UNKNOWN | AT10: casper.iggy (5), candy.greyhound (4), don.gorillo (2), pik.vik1 (2), ia.vacalha (2); called out by archibald_brown | AU10: OBSERVED: fight-record persona ('TIME TO TAKE THE BELT #ufc #monkey'). INFERRED: cocky champion | AV10: INFERRED from captions: monkey fighter in UFC-style settings | AW10: Reels; fight-night storylines | AX10: Merch store + Higgsfield Creative Partner. Hub of the AI-animal fight league. | AY10: 4 | AZ10: 4 | BA10: 4 | BB10: 5 | BC10: 5 | BD10: =IF(K10="",0,MAX(0,MIN(1,(LOG10(MAX(1,K10))-3)/4))) -> 0.52641926 | BE10: =IF(X10="",0,MAX(0,MIN(1,(LOG10(MAX(1,X10))-2)/4))) -> 0.65993884 | BF10: =IF(AG10="",0,MAX(0,MIN(1,(LOG10(MAX(1,AG10))-3)/4))) -> 0.70699312 | BG10: =IF(V10="",0,MIN(1,V10/20)) -> 0.95 | BH10: =MAX(IF(P10="",0,MIN(1,('SCORING METHOD'!$C$5-P10)/730)),IF(M10="",0,MAX(0,MIN(1,(LOG10(MAX(1,M10))-1)/2.5)))) -> 0.28640134 | BI10: =IF(J10="Y",0.4,0)+0.6*N(AY10)/5 -> 0.88 | BJ10: =ROUND(BD10*'SCORING METHOD'!$C$6+BE10*'SCORING METHOD'!$C$7+BF10*'SCORING METHOD'!$C$8+BG10*'SCORING METHOD'!$C$9+BH10*'SCORING METHOD'!$C$10+BI10*'SCORING METHOD'!$C$11,1) -> 64.3 | BK10: =IF(AE10="",0,MAX(0,MIN(1,(LOG10(MAX(1,IF(X10="",AE10,MIN(AE10,X10))))-2)/4))) -> 0.65568817 | BL10: =IF(AL10="",0,MAX(0,MIN(1,(LOG10(MAX(1,AL10))-3)/4))) -> 0.51927381 | BM10: =IF(U10="",0,MIN(1,U10/14)) -> 1 | BN10: =IF(OR(P10="",K10="",N10="",M10="",M10=0),0,IF(AND('SCORING METHOD'!$C$5-P10<=60,N10/M10>=0.5),MAX(0,MIN(1,(LOG10(MAX(1,K10/MAX(1,'SCORING METHOD'!$C$5-P10)))-2)/2.5)),0)) -> 0.66340761 | BO10: =IF(S10="",0,MAX(0,MIN(1,1-(S10-3)/27))) -> 1 | BP10: =ROUND(BK10*'SCORING METHOD'!$C$12+BL10*'SCORING METHOD'!$C$13+BM10*'SCORING METHOD'!$C$14+BN10*'SCORING METHOD'!$C$15+BO10*'SCORING METHOD'!$C$16,1) -> 70.9 | BQ10: =ROUND((N(AZ10)+N(BA10)+N(BB10)+N(BC10))/20*100,1) -> 90 | BR10: =IFERROR(INDEX('DATA SUFFICIENCY'!$J$2:$J$63,MATCH(C10,'DATA SUFFICIENCY'!$B$2:$B$63,0)),0) -> 0.9 | BS10: =ROUND('SCORING METHOD'!$C$17*BJ10+'SCORING METHOD'!$C$18*BP10+'SCORING METHOD'!$C$19*BQ10+'SCORING METHOD'!$C$20*BR10*100,1) -> 75.3 | BT10: =IF(F10="INCLUDED",BJ10+(1000-ROW())/100000,-1) -> 64.3099 | BU10: =IF(F10="INCLUDED",BP10+(1000-ROW())/100000,-1) -> 70.9099 | BV10: =IF(F10="INCLUDED",BQ10+(1000-ROW())/100000,-1) -> 90.0099 | BW10: =IF(F10="INCLUDED",BS10+(1000-ROW())/100000,-1) -> 75.3099 | BX10: Hub of a multi-character AI fight league (Casper, Candy, Don Gorillo) with a running win-loss record and merch.
A11: 10 | B11: Casper the Italian Greyhound | C11: casper.iggy | D11: https://www.instagram.com/casper.iggy/ | E11: DISCOVERED | F11: INCLUDED | H11: AI dog fighter / 'ordinary' greyhound | I11: AI-animal fighter universe (Higgsfield creators) | J11: N | K11: 194460 | M11: 66 | N11: 22 | O11: PARTIAL (22/66) | P11: 46283 | Q11: Oldest of 22 sampled posts | R11: 46302 | S11: =IF(R11="","",'SCORING METHOD'!$C$5-R11) -> 2 | T11: 7 | U11: 13 | V11: 21 | W11: =IF(U11="","",U11/2) -> 6.5 | X11: 135030 | Y11: 65432 | Z11: 1868 | AA11: 1167 | AB11: 0 | AC11: =IF(OR(X11="",K11="",K11=0),"",(X11+N(Z11))/K11) -> 0.70399054 | AD11: =IF(AC11="","UNKNOWN",IF(AC11>=0.05,"Very high",IF(AC11>=0.02,"High",IF(AC11>=0.005,"Medium","Low")))) -> Very high | AE11: 130394 | AF11: 1779 | AG11: 527299 | AH11: https://www.instagram.com/p/Dd85audNoC2/ | AI11: 46296 | AJ11: 6875 | AK11: Casper... | AL11: 527299 | AM11: https://www.instagram.com/p/Dd85audNoC2/ | AN11: 46296 | AO11: Just an ordinary Italian Greyhound 🐾 / Collabs: caspertheiggy@gmail.com / AI tools I use ⬇️ | AP11: (AI tools link) | AQ11: NONE observed | AS11: UNKNOWN | AT11: abunuttyofficial (4); referenced by archibald_brown ('Casper was the warm-up') and don.gorillo | AU11: INFERRED: underdog fighter dog | AV11: INFERRED: Italian greyhound in fight/human settings | AW11: Reels | AX11: Highest recent average likes among AI-animal characters (130K over last 14 days). | AY11: 3 | AZ11: 4 | BA11: 3 | BB11: 4 | BC11: 4 | BD11: =IF(K11="",0,MAX(0,MIN(1,(LOG10(MAX(1,K11))-3)/4))) -> 0.57220757 | BE11: =IF(X11="",0,MAX(0,MIN(1,(LOG10(MAX(1,X11))-2)/4))) -> 0.78260757 | BF11: =IF(AG11="",0,MAX(0,MIN(1,(LOG10(MAX(1,AG11))-3)/4))) -> 0.68051424 | BG11: =IF(V11="",0,MIN(1,V11/20)) -> 1 | BH11: =MAX(IF(P11="",0,MIN(1,('SCORING METHOD'!$C$5-P11)/730)),IF(M11="",0,MAX(0,MIN(1,(LOG10(MAX(1,M11))-1)/2.5)))) -> 0.32781757 | BI11: =IF(J11="Y",0.4,0)+0.6*N(AY11)/5 -> 0.36 | BJ11: =ROUND(BD11*'SCORING METHOD'!$C$6+BE11*'SCORING METHOD'!$C$7+BF11*'SCORING METHOD'!$C$8+BG11*'SCORING METHOD'!$C$9+BH11*'SCORING METHOD'!$C$10+BI11*'SCORING METHOD'!$C$11,1) -> 63.3 | BK11: =IF(AE11="",0,MAX(0,MIN(1,(LOG10(MAX(1,IF(X11="",AE11,MIN(AE11,X11))))-2)/4))) -> 0.7788144 | BL11: =IF(AL11="",0,MAX(0,MIN(1,(LOG10(MAX(1,AL11))-3)/4))) -> 0.68051424 | BM11: =IF(U11="",0,MIN(1,U11/14)) -> 0.92857143 | BN11: =IF(OR(P11="",K11="",N11="",M11="",M11=0),0,IF(AND('SCORING METHOD'!$C$5-P11<=60,N11/M11>=0.5),MAX(0,MIN(1,(LOG10(MAX(1,K11/MAX(1,'SCORING METHOD'!$C$5-P11)))-2)/2.5)),0)) -> 0 | BO11: =IF(S11="",0,MAX(0,MIN(1,1-(S11-3)/27))) -> 1 | BP11: =ROUND(BK11*'SCORING METHOD'!$C$12+BL11*'SCORING METHOD'!$C$13+BM11*'SCORING METHOD'!$C$14+BN11*'SCORING METHOD'!$C$15+BO11*'SCORING METHOD'!$C$16,1) -> 68.2 | BQ11: =ROUND((N(AZ11)+N(BA11)+N(BB11)+N(BC11))/20*100,1) -> 75 | BR11: =IFERROR(INDEX('DATA SUFFICIENCY'!$J$2:$J$63,MATCH(C11,'DATA SUFFICIENCY'!$B$2:$B$63,0)),0) -> 0.8 | BS11: =ROUND('SCORING METHOD'!$C$17*BJ11+'SCORING METHOD'!$C$18*BP11+'SCORING METHOD'!$C$19*BQ11+'SCORING METHOD'!$C$20*BR11*100,1) -> 69.6 | BT11: =IF(F11="INCLUDED",BJ11+(1000-ROW())/100000,-1) -> 63.30989 | BU11: =IF(F11="INCLUDED",BP11+(1000-ROW())/100000,-1) -> 68.20989 | BV11: =IF(F11="INCLUDED",BQ11+(1000-ROW())/100000,-1) -> 75.00989 | BW11: =IF(F11="INCLUDED",BS11+(1000-ROW())/100000,-1) -> 69.60989 | BX11: Strongest current engagement in the fight-league universe; appears in other characters' storylines.
A12: 11 | B12: Candy the Greyhound | C12: candy.greyhound | D12: https://www.instagram.com/candy.greyhound/ | E12: DISCOVERED | F12: INCLUDED | H12: AI greyhound fighter ('best fighter in the world') | I12: AI-animal fighter universe (Higgsfield creators) | J12: Y | K12: 64699 | M12: 65 | N12: 22 | O12: PARTIAL (22/65) | P12: 46265 | Q12: Pinned post date (oldest in sample) | R12: 46304 | S12: =IF(R12="","",'SCORING METHOD'!$C$5-R12) -> 0 | T12: 5 | U12: 14 | V12: 15 | W12: =IF(U12="","",U12/2) -> 7 | X12: 30857 | Y12: 6426 | Z12: 327 | AA12: 124 | AB12: 0 | AC12: =IF(OR(X12="",K12="",K12=0),"",(X12+N(Z12))/K12) -> 0.48198581 | AD12: =IF(AC12="","UNKNOWN",IF(AC12>=0.05,"Very high",IF(AC12>=0.02,"High",IF(AC12>=0.005,"Medium","Low")))) -> Very high | AE12: 28129 | AF12: 299 | AG12: 794009 | AH12: https://www.instagram.com/p/Dct28DASFLp/ | AI12: 46265 | AJ12: 8800 | AK12: Hold... (pinned) | AL12: 214841 | AM12: https://www.instagram.com/p/Dd94Av3RhS0/ | AN12: 46296 | AO12: Sharing my side quests / Best fighter in the world / Higgsfield Creative Partner | AQ12: NONE observed | AS12: UNKNOWN | AT12: higgsfield.ai (14), malysh_bully (6), valterwalkerufc (3, real), askvenice (3), k.mbappe (real); tagged by abunuttyofficial, sickmanai, ia.vacalha, caramelinho.ia, pik.vik1, evildogi | AU12: OBSERVED: '$1M prize challenge 🥊', 'With the big boss @danawhite' | AV12: INFERRED: greyhound in fight settings | AW12: Reels | AX12: Most-tagged animal character across the AI-animal accounts. | AY12: 3 | AZ12: 3 | BA12: 3 | BB12: 4 | BC12: 4 | BD12: =IF(K12="",0,MAX(0,MIN(1,(LOG10(MAX(1,K12))-3)/4))) -> 0.45272439 | BE12: =IF(X12="",0,MAX(0,MIN(1,(LOG10(MAX(1,X12))-2)/4))) -> 0.62233843 | BF12: =IF(AG12="",0,MAX(0,MIN(1,(LOG10(MAX(1,AG12))-3)/4))) -> 0.72495636 | BG12: =IF(V12="",0,MIN(1,V12/20)) -> 0.75 | BH12: =MAX(IF(P12="",0,MIN(1,('SCORING METHOD'!$C$5-P12)/730)),IF(M12="",0,MAX(0,MIN(1,(LOG10(MAX(1,M12))-1)/2.5)))) -> 0.32516534 | BI12: =IF(J12="Y",0.4,0)+0.6*N(AY12)/5 -> 0.76 | BJ12: =ROUND(BD12*'SCORING METHOD'!$C$6+BE12*'SCORING METHOD'!$C$7+BF12*'SCORING METHOD'!$C$8+BG12*'SCORING METHOD'!$C$9+BH12*'SCORING METHOD'!$C$10+BI12*'SCORING METHOD'!$C$11,1) -> 58.9 | BK12: =IF(AE12="",0,MAX(0,MIN(1,(LOG10(MAX(1,IF(X12="",AE12,MIN(AE12,X12))))-2)/4))) -> 0.61228857 | BL12: =IF(AL12="",0,MAX(0,MIN(1,(LOG10(MAX(1,AL12))-3)/4))) -> 0.58302929 | BM12: =IF(U12="",0,MIN(1,U12/14)) -> 1 | BN12: =IF(OR(P12="",K12="",N12="",M12="",M12=0),0,IF(AND('SCORING METHOD'!$C$5-P12<=60,N12/M12>=0.5),MAX(0,MIN(1,(LOG10(MAX(1,K12/MAX(1,'SCORING METHOD'!$C$5-P12)))-2)/2.5)),0)) -> 0 | BO12: =IF(S12="",0,MAX(0,MIN(1,1-(S12-3)/27))) -> 1 | BP12: =ROUND(BK12*'SCORING METHOD'!$C$12+BL12*'SCORING METHOD'!$C$13+BM12*'SCORING METHOD'!$C$14+BN12*'SCORING METHOD'!$C$15+BO12*'SCORING METHOD'!$C$16,1) -> 61 | BQ12: =ROUND((N(AZ12)+N(BA12)+N(BB12)+N(BC12))/20*100,1) -> 70 | BR12: =IFERROR(INDEX('DATA SUFFICIENCY'!$J$2:$J$63,MATCH(C12,'DATA SUFFICIENCY'!$B$2:$B$63,0)),0) -> 0.9 | BS12: =ROUND('SCORING METHOD'!$C$17*BJ12+'SCORING METHOD'!$C$18*BP12+'SCORING METHOD'!$C$19*BQ12+'SCORING METHOD'!$C$20*BR12*100,1) -> 66.4 | BT12: =IF(F12="INCLUDED",BJ12+(1000-ROW())/100000,-1) -> 58.90988 | BU12: =IF(F12="INCLUDED",BP12+(1000-ROW())/100000,-1) -> 61.00988 | BV12: =IF(F12="INCLUDED",BQ12+(1000-ROW())/100000,-1) -> 70.00988 | BW12: =IF(F12="INCLUDED",BS12+(1000-ROW())/100000,-1) -> 66.40988 | BX12: Most cross-referenced node of the AI-animal universe; verified.
A13: 12 | B13: Don Gorillo Mkrtchyan | C13: don.gorillo | D13: https://www.instagram.com/don.gorillo/ | E13: DISCOVERED | F13: INCLUDED | H13: Armenian gorilla UFC fighter | I13: AI-animal fighter universe (Higgsfield creators) | J13: N | K13: 12105 | M13: 36 | N13: 22 | O13: PARTIAL (22/36) | P13: 46291 | Q13: Oldest of 22 sampled posts | R13: 46303 | S13: =IF(R13="","",'SCORING METHOD'!$C$5-R13) -> 1 | T13: 15 | U13: 22 | V13: 22 | W13: =IF(U13="","",U13/2) -> 11 | X13: 2483 | Y13: 1661 | Z13: 50 | AA13: 35 | AB13: 0 | AC13: =IF(OR(X13="",K13="",K13=0),"",(X13+N(Z13))/K13) -> 0.20925238 | AD13: =IF(AC13="","UNKNOWN",IF(AC13>=0.05,"Very high",IF(AC13>=0.02,"High",IF(AC13>=0.005,"Medium","Low")))) -> Very high | AE13: 6048 | AF13: 114 | AG13: 37862 | AH13: https://www.instagram.com/p/Ddvayy5Otjf/ | AI13: 46291 | AJ13: 857 | AK13: don't m... | AL13: 37862 | AM13: https://www.instagram.com/p/Ddvayy5Otjf/ | AN13: 46291 | AO13: Armenian blood. Gorilla mentality. / Follow me before I get famous. / UFC RECORD 2-0 | AQ13: NONE observed | AS13: UNKNOWN | AT13: abunuttyofficial (2), casper.iggy (2), ufc, jonnybones (real) | AU13: OBSERVED: 'Biggest win of my life', 'I'M COMING HOME 🇦🇲' | AV13: INFERRED: gorilla fighter | AW13: Reels | AX13: Small but high-frequency (15 posts / 7 days). | AY13: 1 | AZ13: 3 | BA13: 3 | BB13: 4 | BC13: 4 | BD13: =IF(K13="",0,MAX(0,MIN(1,(LOG10(MAX(1,K13))-3)/4))) -> 0.2707412 | BE13: =IF(X13="",0,MAX(0,MIN(1,(LOG10(MAX(1,X13))-2)/4))) -> 0.34874418 | BF13: =IF(AG13="",0,MAX(0,MIN(1,(LOG10(MAX(1,AG13))-3)/4))) -> 0.39455089 | BG13: =IF(V13="",0,MIN(1,V13/20)) -> 1 | BH13: =MAX(IF(P13="",0,MIN(1,('SCORING METHOD'!$C$5-P13)/730)),IF(M13="",0,MAX(0,MIN(1,(LOG10(MAX(1,M13))-1)/2.5)))) -> 0.222521 | BI13: =IF(J13="Y",0.4,0)+0.6*N(AY13)/5 -> 0.12 | BJ13: =ROUND(BD13*'SCORING METHOD'!$C$6+BE13*'SCORING METHOD'!$C$7+BF13*'SCORING METHOD'!$C$8+BG13*'SCORING METHOD'!$C$9+BH13*'SCORING METHOD'!$C$10+BI13*'SCORING METHOD'!$C$11,1) -> 36.4 | BK13: =IF(AE13="",0,MAX(0,MIN(1,(LOG10(MAX(1,IF(X13="",AE13,MIN(AE13,X13))))-2)/4))) -> 0.34874418 | BL13: =IF(AL13="",0,MAX(0,MIN(1,(LOG10(MAX(1,AL13))-3)/4))) -> 0.39455089 | BM13: =IF(U13="",0,MIN(1,U13/14)) -> 1 | BN13: =IF(OR(P13="",K13="",N13="",M13="",M13=0),0,IF(AND('SCORING METHOD'!$C$5-P13<=60,N13/M13>=0.5),MAX(0,MIN(1,(LOG10(MAX(1,K13/MAX(1,'SCORING METHOD'!$C$5-P13)))-2)/2.5)),0)) -> 0.38760858 | BO13: =IF(S13="",0,MAX(0,MIN(1,1-(S13-3)/27))) -> 1 | BP13: =ROUND(BK13*'SCORING METHOD'!$C$12+BL13*'SCORING METHOD'!$C$13+BM13*'SCORING METHOD'!$C$14+BN13*'SCORING METHOD'!$C$15+BO13*'SCORING METHOD'!$C$16,1) -> 52.9 | BQ13: =ROUND((N(AZ13)+N(BA13)+N(BB13)+N(BC13))/20*100,1) -> 70 | BR13: =IFERROR(INDEX('DATA SUFFICIENCY'!$J$2:$J$63,MATCH(C13,'DATA SUFFICIENCY'!$B$2:$B$63,0)),0) -> 0.8 | BS13: =ROUND('SCORING METHOD'!$C$17*BJ13+'SCORING METHOD'!$C$18*BP13+'SCORING METHOD'!$C$19*BQ13+'SCORING METHOD'!$C$20*BR13*100,1) -> 54.6 | BT13: =IF(F13="INCLUDED",BJ13+(1000-ROW())/100000,-1) -> 36.40987 | BU13: =IF(F13="INCLUDED",BP13+(1000-ROW())/100000,-1) -> 52.90987 | BV13: =IF(F13="INCLUDED",BQ13+(1000-ROW())/100000,-1) -> 70.00987 | BW13: =IF(F13="INCLUDED",BS13+(1000-ROW())/100000,-1) -> 54.60987 | BX13: Shows the league expanding with new fighters and records.
A14: 13 | B14: Milton Bumford | C14: miltonbumford | D14: https://www.instagram.com/miltonbumford/ | E14: DISCOVERED | F14: INCLUDED | H14: Self-declared AI parody - flashy car guy 'Fleetwood Freak' | I14: Sep-2026 AI character / memecoin wave | J14: N | K14: 124366 | M14: 31 | N14: 12 | O14: PARTIAL (12/31) | P14: 46296 | Q14: Oldest of 12 sampled posts | R14: 46303 | S14: =IF(R14="","",'SCORING METHOD'!$C$5-R14) -> 1 | T14: 7 | U14: 9 | V14: 9 | W14: =IF(U14="","",U14/2) -> 4.5 | X14: 9479 | Y14: 5654 | Z14: 319 | AA14: 181 | AB14: 0 | AC14: =IF(OR(X14="",K14="",K14=0),"",(X14+N(Z14))/K14) -> 0.07878359 | AD14: =IF(AC14="","UNKNOWN",IF(AC14>=0.05,"Very high",IF(AC14>=0.02,"High",IF(AC14>=0.005,"Medium","Low")))) -> Very high | AE14: 9479 | AF14: 319 | AG14: 382660 | AH14: https://www.instagram.com/p/Dd0ONAHuI9A/ | AI14: 46293 | AJ14: 11815 | AK14: Spin... | AL14: 32315 | AM14: https://www.instagram.com/p/Dd8FTD8OSAo/ | AN14: 46296 | AO14: Standing on Bumford Business / Comedy/parody (AI) / Made With @higgsfield.ai / Create Videos Just... | AP14: miltonbumford.com/create | AQ14: NONE observed | AS14: UNKNOWN | AT14: higgsfield.ai (7), cadillac (brand), zaytovenbeatz (real producer); tagged by imranpoppadumb | AU14: OBSERVED: 'NEW CAR 🚨 The Fleetwood Freak', 'I got them Cadillac 7s on me' | AV14: INFERRED: vintage-Cadillac hustler | AW14: Reels | AX14: Explicitly labels itself 'Comedy/parody (AI)'. Link sells an AI-video template. | AY14: 3 | AZ14: 3 | BA14: 4 | BB14: 3 | BC14: 1 | BD14: =IF(K14="",0,MAX(0,MIN(1,(LOG10(MAX(1,K14))-3)/4))) -> 0.52367542 | BE14: =IF(X14="",0,MAX(0,MIN(1,(LOG10(MAX(1,X14))-2)/4))) -> 0.49419063 | BF14: =IF(AG14="",0,MAX(0,MIN(1,(LOG10(MAX(1,AG14))-3)/4))) -> 0.64570327 | BG14: =IF(V14="",0,MIN(1,V14/20)) -> 0.45 | BH14: =MAX(IF(P14="",0,MIN(1,('SCORING METHOD'!$C$5-P14)/730)),IF(M14="",0,MAX(0,MIN(1,(LOG10(MAX(1,M14))-1)/2.5)))) -> 0.19654468 | BI14: =IF(J14="Y",0.4,0)+0.6*N(AY14)/5 -> 0.36 | BJ14: =ROUND(BD14*'SCORING METHOD'!$C$6+BE14*'SCORING METHOD'!$C$7+BF14*'SCORING METHOD'!$C$8+BG14*'SCORING METHOD'!$C$9+BH14*'SCORING METHOD'!$C$10+BI14*'SCORING METHOD'!$C$11,1) -> 48.6 | BK14: =IF(AE14="",0,MAX(0,MIN(1,(LOG10(MAX(1,IF(X14="",AE14,MIN(AE14,X14))))-2)/4))) -> 0.49419063 | BL14: =IF(AL14="",0,MAX(0,MIN(1,(LOG10(MAX(1,AL14))-3)/4))) -> 0.37735104 | BM14: =IF(U14="",0,MIN(1,U14/14)) -> 0.64285714 | BN14: =IF(OR(P14="",K14="",N14="",M14="",M14=0),0,IF(AND('SCORING METHOD'!$C$5-P14<=60,N14/M14>=0.5),MAX(0,MIN(1,(LOG10(MAX(1,K14/MAX(1,'SCORING METHOD'!$C$5-P14)))-2)/2.5)),0)) -> 0 | BO14: =IF(S14="",0,MAX(0,MIN(1,1-(S14-3)/27))) -> 1 | BP14: =ROUND(BK14*'SCORING METHOD'!$C$12+BL14*'SCORING METHOD'!$C$13+BM14*'SCORING METHOD'!$C$14+BN14*'SCORING METHOD'!$C$15+BO14*'SCORING METHOD'!$C$16,1) -> 46.4 | BQ14: =ROUND((N(AZ14)+N(BA14)+N(BB14)+N(BC14))/20*100,1) -> 55 | BR14: =IFERROR(INDEX('DATA SUFFICIENCY'!$J$2:$J$63,MATCH(C14,'DATA SUFFICIENCY'!$B$2:$B$63,0)),0) -> 0.8 | BS14: =ROUND('SCORING METHOD'!$C$17*BJ14+'SCORING METHOD'!$C$18*BP14+'SCORING METHOD'!$C$19*BQ14+'SCORING METHOD'!$C$20*BR14*100,1) -> 53.9 | BT14: =IF(F14="INCLUDED",BJ14+(1000-ROW())/100000,-1) -> 48.60986 | BU14: =IF(F14="INCLUDED",BP14+(1000-ROW())/100000,-1) -> 46.40986 | BV14: =IF(F14="INCLUDED",BQ14+(1000-ROW())/100000,-1) -> 55.00986 | BW14: =IF(F14="INCLUDED",BS14+(1000-ROW())/100000,-1) -> 53.90986 | BX14: Transparent AI-parody labelling + monetised 'create videos like me' funnel.
A15: 14 | B15: Sickman | C15: sickmanai | D15: https://www.instagram.com/sickmanai/ | E15: DISCOVERED | F15: INCLUDED | H15: AI knight-cat warrior of 'meow island' | I15: Crypto-linked AI animal | J15: Y | K15: 106810 | M15: 109 | N15: 22 | O15: PARTIAL (22/109) | P15: 46300 | Q15: Oldest of 22 sampled posts | R15: 46303 | S15: =IF(R15="","",'SCORING METHOD'!$C$5-R15) -> 1 | T15: 22 | U15: 21 | V15: 21 | W15: =IF(U15="","",U15/2) -> 10.5 | X15: 5091 | Y15: 3204 | Z15: 65 | AA15: 56 | AB15: 0 | AC15: =IF(OR(X15="",K15="",K15=0),"",(X15+N(Z15))/K15) -> 0.048272634 | AD15: =IF(AC15="","UNKNOWN",IF(AC15>=0.05,"Very high",IF(AC15>=0.02,"High",IF(AC15>=0.005,"Medium","Low")))) -> High | AE15: 54530 | AF15: 244 | AG15: 632105 | AH15: https://www.instagram.com/p/DeHe2fKTvjr/ | AI15: 46300 | AJ15: 1968 | AK15: Tag t... | AL15: 536920 | AM15: https://www.instagram.com/p/DeHpJF0tVOi/ | AN15: 46300 | AO15: Protecting meow island with 9 lives / DYOR. No guarantees. / Official $Knightcat token on PUMPFUN | AP15: pump.fun/coin/3Dgwn5…pump | AQ15: $Knightcat (bio) + pump.fun coin link | AS15: UNKNOWN | AT15: evildogi (8), yesand_ai (5), candy.greyhound (4), capcutapp (4), higgsfield.creators; tagged by derek.mercer.2006 | AU15: OBSERVED: lore captions ('For five hundred years, no one fear...'), Korean-language captions | AV15: INFERRED: armoured cat knight | AW15: Reels, ~7 posts/day in sample | AX15: Two 500K+ reels on 10-05 then ~5K average. Verified. | AY15: 3 | AZ15: 4 | BA15: 3 | BB15: 4 | BC15: 3 | BD15: =IF(K15="",0,MAX(0,MIN(1,(LOG10(MAX(1,K15))-3)/4))) -> 0.50715298 | BE15: =IF(X15="",0,MAX(0,MIN(1,(LOG10(MAX(1,X15))-2)/4))) -> 0.42670077 | BF15: =IF(AG15="",0,MAX(0,MIN(1,(LOG10(MAX(1,AG15))-3)/4))) -> 0.70019731 | BG15: =IF(V15="",0,MIN(1,V15/20)) -> 1 | BH15: =MAX(IF(P15="",0,MIN(1,('SCORING METHOD'!$C$5-P15)/730)),IF(M15="",0,MAX(0,MIN(1,(LOG10(MAX(1,M15))-1)/2.5)))) -> 0.4149706 | BI15: =IF(J15="Y",0.4,0)+0.6*N(AY15)/5 -> 0.76 | BJ15: =ROUND(BD15*'SCORING METHOD'!$C$6+BE15*'SCORING METHOD'!$C$7+BF15*'SCORING METHOD'!$C$8+BG15*'SCORING METHOD'!$C$9+BH15*'SCORING METHOD'!$C$10+BI15*'SCORING METHOD'!$C$11,1) -> 59.5 | BK15: =IF(AE15="",0,MAX(0,MIN(1,(LOG10(MAX(1,IF(X15="",AE15,MIN(AE15,X15))))-2)/4))) -> 0.42670077 | BL15: =IF(AL15="",0,MAX(0,MIN(1,(LOG10(MAX(1,AL15))-3)/4))) -> 0.6824774 | BM15: =IF(U15="",0,MIN(1,U15/14)) -> 1 | BN15: =IF(OR(P15="",K15="",N15="",M15="",M15=0),0,IF(AND('SCORING METHOD'!$C$5-P15<=60,N15/M15>=0.5),MAX(0,MIN(1,(LOG10(MAX(1,K15/MAX(1,'SCORING METHOD'!$C$5-P15)))-2)/2.5)),0)) -> 0 | BO15: =IF(S15="",0,MAX(0,MIN(1,1-(S15-3)/27))) -> 1 | BP15: =ROUND(BK15*'SCORING METHOD'!$C$12+BL15*'SCORING METHOD'!$C$13+BM15*'SCORING METHOD'!$C$14+BN15*'SCORING METHOD'!$C$15+BO15*'SCORING METHOD'!$C$16,1) -> 57 | BQ15: =ROUND((N(AZ15)+N(BA15)+N(BB15)+N(BC15))/20*100,1) -> 70 | BR15: =IFERROR(INDEX('DATA SUFFICIENCY'!$J$2:$J$63,MATCH(C15,'DATA SUFFICIENCY'!$B$2:$B$63,0)),0) -> 0.9 | BS15: =ROUND('SCORING METHOD'!$C$17*BJ15+'SCORING METHOD'!$C$18*BP15+'SCORING METHOD'!$C$19*BQ15+'SCORING METHOD'!$C$20*BR15*100,1) -> 65.4 | BT15: =IF(F15="INCLUDED",BJ15+(1000-ROW())/100000,-1) -> 59.50985 | BU15: =IF(F15="INCLUDED",BP15+(1000-ROW())/100000,-1) -> 57.00985 | BV15: =IF(F15="INCLUDED",BQ15+(1000-ROW())/100000,-1) -> 70.00985 | BW15: =IF(F15="INCLUDED",BS15+(1000-ROW())/100000,-1) -> 65.40985 | BX15: Crypto-native character with a fantasy lore world and a live pump.fun token.
A16: 15 | B16: Cuca Beludo | C16: ia.vacalha | D16: https://www.instagram.com/ia.vacalha/ | E16: DISCOVERED | F16: INCLUDED | H16: Brazilian AI character (creator hub of a mini-universe) | I16: Brazil AI character universe | J16: N | K16: 189326 | M16: 175 | N16: 12 | O16: PARTIAL (12/175) | P16: 46299 | Q16: Oldest of 12 sampled posts | R16: 46303 | S16: =IF(R16="","",'SCORING METHOD'!$C$5-R16) -> 1 | T16: 12 | U16: 12 | V16: 12 | W16: =IF(U16="","",U16/2) -> 6 | X16: 11231 | Y16: 5310 | Z16: 121 | AA16: 72 | AB16: 0 | AC16: =IF(OR(X16="",K16="",K16=0),"",(X16+N(Z16))/K16) -> 0.059960069 | AD16: =IF(AC16="","UNKNOWN",IF(AC16>=0.05,"Very high",IF(AC16>=0.02,"High",IF(AC16>=0.005,"Medium","Low")))) -> Very high | AE16: 11231 | AF16: 121 | AG16: 46360 | AH16: https://www.instagram.com/p/DeK-uSCxbWx/ | AI16: 46301 | AJ16: 524 | AK16: Cuca ab... | AL16: 46360 | AM16: https://www.instagram.com/p/DeK-uSCxbWx/ | AN16: 46301 | AO16: +100M de views nos últimos 30 dias / CPP: @higgsfield.ai, @syntx_ai e @roboneo_br / contato | AQ16: NONE observed | AS16: UNKNOWN | AT16: caramelinho.ia (8), candy.greyhound (6), higgsfield.ai (22) | AU16: OBSERVED: serialized 'Parte 2' episodes featuring Caramelinho | AV16: INFERRED: Brazilian comedic character | AW16: Reels, serialized episodes | AX16: Claims +100M views in 30 days (self-reported, bio). | AY16: 3 | AZ16: 3 | BA16: 3 | BB16: 4 | BC16: 4 | BD16: =IF(K16="",0,MAX(0,MIN(1,(LOG10(MAX(1,K16))-3)/4))) -> 0.56930256 | BE16: =IF(X16="",0,MAX(0,MIN(1,(LOG10(MAX(1,X16))-2)/4))) -> 0.51260461 | BF16: =IF(AG16="",0,MAX(0,MIN(1,(LOG10(MAX(1,AG16))-3)/4))) -> 0.41653586 | BG16: =IF(V16="",0,MIN(1,V16/20)) -> 0.6 | BH16: =MAX(IF(P16="",0,MIN(1,('SCORING METHOD'!$C$5-P16)/730)),IF(M16="",0,MAX(0,MIN(1,(LOG10(MAX(1,M16))-1)/2.5)))) -> 0.49721522 | BI16: =IF(J16="Y",0.4,0)+0.6*N(AY16)/5 -> 0.36 | BJ16: =ROUND(BD16*'SCORING METHOD'!$C$6+BE16*'SCORING METHOD'!$C$7+BF16*'SCORING METHOD'!$C$8+BG16*'SCORING METHOD'!$C$9+BH16*'SCORING METHOD'!$C$10+BI16*'SCORING METHOD'!$C$11,1) -> 50.2 | BK16: =IF(AE16="",0,MAX(0,MIN(1,(LOG10(MAX(1,IF(X16="",AE16,MIN(AE16,X16))))-2)/4))) -> 0.51260461 | BL16: =IF(AL16="",0,MAX(0,MIN(1,(LOG10(MAX(1,AL16))-3)/4))) -> 0.41653586 | BM16: =IF(U16="",0,MIN(1,U16/14)) -> 0.85714286 | BN16: =IF(OR(P16="",K16="",N16="",M16="",M16=0),0,IF(AND('SCORING METHOD'!$C$5-P16<=60,N16/M16>=0.5),MAX(0,MIN(1,(LOG10(MAX(1,K16/MAX(1,'SCORING METHOD'!$C$5-P16)))-2)/2.5)),0)) -> 0 | BO16: =IF(S16="",0,MAX(0,MIN(1,1-(S16-3)/27))) -> 1 | BP16: =ROUND(BK16*'SCORING METHOD'!$C$12+BL16*'SCORING METHOD'!$C$13+BM16*'SCORING METHOD'!$C$14+BN16*'SCORING METHOD'!$C$15+BO16*'SCORING METHOD'!$C$16,1) -> 51.2 | BQ16: =ROUND((N(AZ16)+N(BA16)+N(BB16)+N(BC16))/20*100,1) -> 70 | BR16: =IFERROR(INDEX('DATA SUFFICIENCY'!$J$2:$J$63,MATCH(C16,'DATA SUFFICIENCY'!$B$2:$B$63,0)),0) -> 0.6 | BS16: =ROUND('SCORING METHOD'!$C$17*BJ16+'SCORING METHOD'!$C$18*BP16+'SCORING METHOD'!$C$19*BQ16+'SCORING METHOD'!$C$20*BR16*100,1) -> 55.9 | BT16: =IF(F16="INCLUDED",BJ16+(1000-ROW())/100000,-1) -> 50.20984 | BU16: =IF(F16="INCLUDED",BP16+(1000-ROW())/100000,-1) -> 51.20984 | BV16: =IF(F16="INCLUDED",BQ16+(1000-ROW())/100000,-1) -> 70.00984 | BW16: =IF(F16="INCLUDED",BS16+(1000-ROW())/100000,-1) -> 55.90984 | BX16: Brazilian-market AI universe with serialized episodes and a spin-off character (Caramelinho).
A17: 16 | B17: Caramelinho | C17: caramelinho.ia | D17: https://www.instagram.com/caramelinho.ia/ | E17: DISCOVERED | F17: INCLUDED | H17: Brazilian 'caramelo' street-dog AI character (spin-off) | I17: Brazil AI character universe | J17: N | K17: 19058 | M17: 13 | N17: 13 | O17: YES (13/13) | P17: 46298 | Q17: Full history loaded - first post | R17: 46303 | S17: =IF(R17="","",'SCORING METHOD'!$C$5-R17) -> 1 | T17: 13 | U17: 13 | V17: 13 | W17: =IF(U17="","",U17/2) -> 6.5 | X17: 11306 | Y17: 2902 | Z17: 122 | AA17: 47 | AB17: 0 | AC17: =IF(OR(X17="",K17="",K17=0),"",(X17+N(Z17))/K17) -> 0.59964319 | AD17: =IF(AC17="","UNKNOWN",IF(AC17>=0.05,"Very high",IF(AC17>=0.02,"High",IF(AC17>=0.005,"Medium","Low")))) -> Very high | AE17: 15158 | AF17: 157 | AG17: 61373 | AH17: https://www.instagram.com/p/DeCKb4JIGeG/ | AI17: 46298 | AJ17: 582 | AK17: Cuca re... | AL17: 61373 | AM17: https://www.instagram.com/p/DeCKb4JIGeG/ | AN17: 46298 | AO17: (empty) | AQ17: NONE observed | AS17: UNKNOWN | AT17: ia.vacalha (14), candy.greyhound (8), higgsfield.ai (23), roboneo_br | AU17: OBSERVED: training/fight arcs ('Caramelinho treinando...') | AV17: INFERRED: Brazilian caramel mutt | AW17: Reels | AX17: Launched 2026-10-03 as a spin-off of Cuca Beludo. | AY17: 2 | AZ17: 3 | BA17: 3 | BB17: 3 | BC17: 4 | BD17: =IF(K17="",0,MAX(0,MIN(1,(LOG10(MAX(1,K17))-3)/4))) -> 0.32001933 | BE17: =IF(X17="",0,MAX(0,MIN(1,(LOG10(MAX(1,X17))-2)/4))) -> 0.51332725 | BF17: =IF(AG17="",0,MAX(0,MIN(1,(LOG10(MAX(1,AG17))-3)/4))) -> 0.44699434 | BG17: =IF(V17="",0,MIN(1,V17/20)) -> 0.65 | BH17: =MAX(IF(P17="",0,MIN(1,('SCORING METHOD'!$C$5-P17)/730)),IF(M17="",0,MAX(0,MIN(1,(LOG10(MAX(1,M17))-1)/2.5)))) -> 0.045577341 | BI17: =IF(J17="Y",0.4,0)+0.6*N(AY17)/5 -> 0.24 | BJ17: =ROUND(BD17*'SCORING METHOD'!$C$6+BE17*'SCORING METHOD'!$C$7+BF17*'SCORING METHOD'!$C$8+BG17*'SCORING METHOD'!$C$9+BH17*'SCORING METHOD'!$C$10+BI17*'SCORING METHOD'!$C$11,1) -> 38.2 | BK17: =IF(AE17="",0,MAX(0,MIN(1,(LOG10(MAX(1,IF(X17="",AE17,MIN(AE17,X17))))-2)/4))) -> 0.51332725 | BL17: =IF(AL17="",0,MAX(0,MIN(1,(LOG10(MAX(1,AL17))-3)/4))) -> 0.44699434 | BM17: =IF(U17="",0,MIN(1,U17/14)) -> 0.92857143 | BN17: =IF(OR(P17="",K17="",N17="",M17="",M17=0),0,IF(AND('SCORING METHOD'!$C$5-P17<=60,N17/M17>=0.5),MAX(0,MIN(1,(LOG10(MAX(1,K17/MAX(1,'SCORING METHOD'!$C$5-P17)))-2)/2.5)),0)) -> 0.60077043 | BO17: =IF(S17="",0,MAX(0,MIN(1,1-(S17-3)/27))) -> 1 | BP17: =ROUND(BK17*'SCORING METHOD'!$C$12+BL17*'SCORING METHOD'!$C$13+BM17*'SCORING METHOD'!$C$14+BN17*'SCORING METHOD'!$C$15+BO17*'SCORING METHOD'!$C$16,1) -> 62.1 | BQ17: =ROUND((N(AZ17)+N(BA17)+N(BB17)+N(BC17))/20*100,1) -> 65 | BR17: =IFERROR(INDEX('DATA SUFFICIENCY'!$J$2:$J$63,MATCH(C17,'DATA SUFFICIENCY'!$B$2:$B$63,0)),0) -> 0.9 | BS17: =ROUND('SCORING METHOD'!$C$17*BJ17+'SCORING METHOD'!$C$18*BP17+'SCORING METHOD'!$C$19*BQ17+'SCORING METHOD'!$C$20*BR17*100,1) -> 58.5 | BT17: =IF(F17="INCLUDED",BJ17+(1000-ROW())/100000,-1) -> 38.20983 | BU17: =IF(F17="INCLUDED",BP17+(1000-ROW())/100000,-1) -> 62.10983 | BV17: =IF(F17="INCLUDED",BQ17+(1000-ROW())/100000,-1) -> 65.00983 | BW17: =IF(F17="INCLUDED",BS17+(1000-ROW())/100000,-1) -> 58.50983 | BX17: Clean example of a spin-off character launched from an existing AI universe; full history available.
A18: 17 | B18: Abu Yalla | C18: abu.yalla | D18: https://www.instagram.com/abu.yalla/ | E18: DISCOVERED | F18: INCLUDED | H18: Arab-uncle dancer (AI human) - Abu Shalab-style | I18: Sep-2026 AI character / memecoin wave | J18: N | K18: 67414 | M18: 13 | N18: 12 | O18: PARTIAL (12/13) | P18: 46293 | Q18: Oldest of 12 sampled posts | R18: 46303 | S18: =IF(R18="","",'SCORING METHOD'!$C$5-R18) -> 1 | T18: 4 | U18: 9 | V18: 9 | W18: =IF(U18="","",U18/2) -> 4.5 | X18: 9859 | Y18: 2031 | Z18: 275 | AA18: 47 | AB18: 0 | AC18: =IF(OR(X18="",K18="",K18=0),"",(X18+N(Z18))/K18) -> 0.15032486 | AD18: =IF(AC18="","UNKNOWN",IF(AC18>=0.05,"Very high",IF(AC18>=0.02,"High",IF(AC18>=0.005,"Medium","Low")))) -> Very high | AE18: 9859 | AF18: 275 | AG18: 161812 | AH18: https://www.instagram.com/p/Dd62X7dJbCD/ | AI18: 46295 | AJ18: 18552 | AK18: 🫶 (pinned) | AL18: 72070 | AM18: https://www.instagram.com/p/Dd9YfOIRK85/ | AN18: 46296 | AO18: made with @higgsfield.ai / the shoulders speak🕺🏽 / Road to 100k yalla followers [67k/100k] | AQ18: NONE observed | AS18: UNKNOWN | AT18: higgsfield.ai (1) | AU18: OBSERVED: 'the shoulders speak', 'yalla saturday' | AV18: INFERRED: shoulder-dancing uncle | AW18: Reels | AX18: Closely mirrors Abu Shalab's format. | AY18: 2 | AZ18: 3 | BA18: 3 | BB18: 2 | BC18: 1 | BD18: =IF(K18="",0,MAX(0,MIN(1,(LOG10(MAX(1,K18))-3)/4))) -> 0.45718752 | BE18: =IF(X18="",0,MAX(0,MIN(1,(LOG10(MAX(1,X18))-2)/4))) -> 0.49845822 | BF18: =IF(AG18="",0,MAX(0,MIN(1,(LOG10(MAX(1,AG18))-3)/4))) -> 0.55225268 | BG18: =IF(V18="",0,MIN(1,V18/20)) -> 0.45 | BH18: =MAX(IF(P18="",0,MIN(1,('SCORING METHOD'!$C$5-P18)/730)),IF(M18="",0,MAX(0,MIN(1,(LOG10(MAX(1,M18))-1)/2.5)))) -> 0.045577341 | BI18: =IF(J18="Y",0.4,0)+0.6*N(AY18)/5 -> 0.24 | BJ18: =ROUND(BD18*'SCORING METHOD'!$C$6+BE18*'SCORING METHOD'!$C$7+BF18*'SCORING METHOD'!$C$8+BG18*'SCORING METHOD'!$C$9+BH18*'SCORING METHOD'!$C$10+BI18*'SCORING METHOD'!$C$11,1) -> 42.1 | BK18: =IF(AE18="",0,MAX(0,MIN(1,(LOG10(MAX(1,IF(X18="",AE18,MIN(AE18,X18))))-2)/4))) -> 0.49845822 | BL18: =IF(AL18="",0,MAX(0,MIN(1,(LOG10(MAX(1,AL18))-3)/4))) -> 0.46443863 | BM18: =IF(U18="",0,MIN(1,U18/14)) -> 0.64285714 | BN18: =IF(OR(P18="",K18="",N18="",M18="",M18=0),0,IF(AND('SCORING METHOD'!$C$5-P18<=60,N18/M18>=0.5),MAX(0,MIN(1,(LOG10(MAX(1,K18/MAX(1,'SCORING METHOD'!$C$5-P18)))-2)/2.5)),0)) -> 0.71494296 | BO18: =IF(S18="",0,MAX(0,MIN(1,1-(S18-3)/27))) -> 1 | BP18: =ROUND(BK18*'SCORING METHOD'!$C$12+BL18*'SCORING METHOD'!$C$13+BM18*'SCORING METHOD'!$C$14+BN18*'SCORING METHOD'!$C$15+BO18*'SCORING METHOD'!$C$16,1) -> 59.4 | BQ18: =ROUND((N(AZ18)+N(BA18)+N(BB18)+N(BC18))/20*100,1) -> 45 | BR18: =IFERROR(INDEX('DATA SUFFICIENCY'!$J$2:$J$63,MATCH(C18,'DATA SUFFICIENCY'!$B$2:$B$63,0)),0) -> 0.7 | BS18: =ROUND('SCORING METHOD'!$C$17*BJ18+'SCORING METHOD'!$C$18*BP18+'SCORING METHOD'!$C$19*BQ18+'SCORING METHOD'!$C$20*BR18*100,1) -> 52.1 | BT18: =IF(F18="INCLUDED",BJ18+(1000-ROW())/100000,-1) -> 42.10982 | BU18: =IF(F18="INCLUDED",BP18+(1000-ROW())/100000,-1) -> 59.40982 | BV18: =IF(F18="INCLUDED",BQ18+(1000-ROW())/100000,-1) -> 45.00982 | BW18: =IF(F18="INCLUDED",BS18+(1000-ROW())/100000,-1) -> 52.10982 | BX18: Shows how fast a successful archetype (Abu Shalab) gets cloned.
A19: 18 | B19: Abdoul Cheqri | C19: abdoul.cheqri | D19: https://www.instagram.com/abdoul.cheqri/ | E19: DISCOVERED | F19: INCLUDED | H19: Arab actor-dancer-comedian persona | I19: Sep-2026 AI character / memecoin wave | J19: N | K19: 115505 | M19: 19 | N19: 19 | O19: YES (19/19) | P19: 46294 | Q19: Full history loaded - first post | R19: 46303 | S19: =IF(R19="","",'SCORING METHOD'!$C$5-R19) -> 1 | T19: 13 | U19: 17 | V19: 17 | W19: =IF(U19="","",U19/2) -> 8.5 | X19: 4059 | Y19: 2640 | Z19: 111 | AA19: 77 | AB19: 0 | AC19: =IF(OR(X19="",K19="",K19=0),"",(X19+N(Z19))/K19) -> 0.036102333 | AD19: =IF(AC19="","UNKNOWN",IF(AC19>=0.05,"Very high",IF(AC19>=0.02,"High",IF(AC19>=0.005,"Medium","Low")))) -> High | AE19: 13776 | AF19: 417 | AG19: 697221 | AH19: https://www.instagram.com/p/Dd9RXFtIbr1/ | AI19: 46296 | AJ19: 54226 | AK19: Yala... (pinned) | AL19: 86926 | AM19: https://www.instagram.com/p/Dd7IwUgMkba/ | AN19: 46295 | AO19: الأصل موجود، والباقي يحاول 😏 / Actor • Dancer • Comedian / Born iconic. Here for the plot | AQ19: NONE observed | AS19: UNKNOWN | AT19: dahab.daddy (3), amidoudumont (1) | AU19: OBSERVED: 'Why are they filming me', '#abdoulcheqri' | AV19: UNKNOWN (not visually reviewed) | AW19: Reels | AX19: AI status not declared on profile - classification INFERRED from format/archetype similarity to Abu Shalab. | AY19: 2 | AZ19: 3 | BA19: 3 | BB19: 2 | BC19: 2 | BD19: =IF(K19="",0,MAX(0,MIN(1,(LOG10(MAX(1,K19))-3)/4))) -> 0.5156502 | BE19: =IF(X19="",0,MAX(0,MIN(1,(LOG10(MAX(1,X19))-2)/4))) -> 0.40210476 | BF19: =IF(AG19="",0,MAX(0,MIN(1,(LOG10(MAX(1,AG19))-3)/4))) -> 0.71084261 | BG19: =IF(V19="",0,MIN(1,V19/20)) -> 0.85 | BH19: =MAX(IF(P19="",0,MIN(1,('SCORING METHOD'!$C$5-P19)/730)),IF(M19="",0,MAX(0,MIN(1,(LOG10(MAX(1,M19))-1)/2.5)))) -> 0.11150144 | BI19: =IF(J19="Y",0.4,0)+0.6*N(AY19)/5 -> 0.24 | BJ19: =ROUND(BD19*'SCORING METHOD'!$C$6+BE19*'SCORING METHOD'!$C$7+BF19*'SCORING METHOD'!$C$8+BG19*'SCORING METHOD'!$C$9+BH19*'SCORING METHOD'!$C$10+BI19*'SCORING METHOD'!$C$11,1) -> 49.7 | BK19: =IF(AE19="",0,MAX(0,MIN(1,(LOG10(MAX(1,IF(X19="",AE19,MIN(AE19,X19))))-2)/4))) -> 0.40210476 | BL19: =IF(AL19="",0,MAX(0,MIN(1,(LOG10(MAX(1,AL19))-3)/4))) -> 0.48478742 | BM19: =IF(U19="",0,MIN(1,U19/14)) -> 1 | BN19: =IF(OR(P19="",K19="",N19="",M19="",M19=0),0,IF(AND('SCORING METHOD'!$C$5-P19<=60,N19/M19>=0.5),MAX(0,MIN(1,(LOG10(MAX(1,K19/MAX(1,'SCORING METHOD'!$C$5-P19)))-2)/2.5)),0)) -> 0.82504031 | BO19: =IF(S19="",0,MAX(0,MIN(1,1-(S19-3)/27))) -> 1 | BP19: =ROUND(BK19*'SCORING METHOD'!$C$12+BL19*'SCORING METHOD'!$C$13+BM19*'SCORING METHOD'!$C$14+BN19*'SCORING METHOD'!$C$15+BO19*'SCORING METHOD'!$C$16,1) -> 63.6 | BQ19: =ROUND((N(AZ19)+N(BA19)+N(BB19)+N(BC19))/20*100,1) -> 50 | BR19: =IFERROR(INDEX('DATA SUFFICIENCY'!$J$2:$J$63,MATCH(C19,'DATA SUFFICIENCY'!$B$2:$B$63,0)),0) -> 0.8 | BS19: =ROUND('SCORING METHOD'!$C$17*BJ19+'SCORING METHOD'!$C$18*BP19+'SCORING METHOD'!$C$19*BQ19+'SCORING METHOD'!$C$20*BR19*100,1) -> 58.5 | BT19: =IF(F19="INCLUDED",BJ19+(1000-ROW())/100000,-1) -> 49.70981 | BU19: =IF(F19="INCLUDED",BP19+(1000-ROW())/100000,-1) -> 63.60981 | BV19: =IF(F19="INCLUDED",BQ19+(1000-ROW())/100000,-1) -> 50.00981 | BW19: =IF(F19="INCLUDED",BS19+(1000-ROW())/100000,-1) -> 58.50981 | BX19: 697K-like reel within 3 days of debut; same archetype as Abu Shalab.
A20: 19 | B20: Percival Ashcroft | C20: percival_ashcrofttt | D20: https://www.instagram.com/percival_ashcrofttt/ | E20: DISCOVERED | F20: INCLUDED | H20: Posh British rival character (AI human) | I20: Sep-2026 AI character / memecoin wave | J20: N | K20: 9054 | M20: 49 | N20: 32 | O20: PARTIAL (32/49) | P20: 46288 | Q20: Oldest of 32 sampled posts | R20: 46304 | S20: =IF(R20="","",'SCORING METHOD'!$C$5-R20) -> 0 | T20: 14 | U20: 28 | V20: 32 | W20: =IF(U20="","",U20/2) -> 14 | X20: 2287 | Y20: 198 | Z20: 23 | AA20: 5 | AB20: 0 | AC20: =IF(OR(X20="",K20="",K20=0),"",(X20+N(Z20))/K20) -> 0.25513585 | AD20: =IF(AC20="","UNKNOWN",IF(AC20>=0.05,"Very high",IF(AC20>=0.02,"High",IF(AC20>=0.005,"Medium","Low")))) -> Very high | AE20: 2016 | AF20: 20 | AG20: 40302 | AH20: https://www.instagram.com/p/Dd2EhVtx54d/ | AI20: 46293 | AJ20: 539 | AK20: Dance t... | AL20: 22642 | AM20: https://www.instagram.com/p/Dd_1HzNoS-L/ | AN20: 46297 | AO20: Road to 100K 🚀 / Follow the journey. / Made in @higgsfield.ai | AP20: pump.fun/coin/fw6UJ…pump | AQ20: pump.fun coin link in bio (ticker not shown) | AS20: UNKNOWN | AT20: archibald_brown (3), egorov_matvey_ (4), sean.dynastyprosper (3), higgsfield.ai | AU20: OBSERVED: 'I'll be coming for you soon...' | AV20: UNKNOWN | AW20: Reels | AX20: Appears in IG suggested accounts next to archibald_brown. | AY20: 1 | AZ20: 3 | BA20: 3 | BB20: 3 | BC20: 3 | BD20: =IF(K20="",0,MAX(0,MIN(1,(LOG10(MAX(1,K20))-3)/4))) -> 0.23921012 | BE20: =IF(X20="",0,MAX(0,MIN(1,(LOG10(MAX(1,X20))-2)/4))) -> 0.33981654 | BF20: =IF(AG20="",0,MAX(0,MIN(1,(LOG10(MAX(1,AG20))-3)/4))) -> 0.40133165 | BG20: =IF(V20="",0,MIN(1,V20/20)) -> 1 | BH20: =MAX(IF(P20="",0,MIN(1,('SCORING METHOD'!$C$5-P20)/730)),IF(M20="",0,MAX(0,MIN(1,(LOG10(MAX(1,M20))-1)/2.5)))) -> 0.27607843 | BI20: =IF(J20="Y",0.4,0)+0.6*N(AY20)/5 -> 0.12 | BJ20: =ROUND(BD20*'SCORING METHOD'!$C$6+BE20*'SCORING METHOD'!$C$7+BF20*'SCORING METHOD'!$C$8+BG20*'SCORING METHOD'!$C$9+BH20*'SCORING METHOD'!$C$10+BI20*'SCORING METHOD'!$C$11,1) -> 36 | BK20: =IF(AE20="",0,MAX(0,MIN(1,(LOG10(MAX(1,IF(X20="",AE20,MIN(AE20,X20))))-2)/4))) -> 0.32612263 | BL20: =IF(AL20="",0,MAX(0,MIN(1,(LOG10(MAX(1,AL20))-3)/4))) -> 0.3387287 | BM20: =IF(U20="",0,MIN(1,U20/14)) -> 1 | BN20: =IF(OR(P20="",K20="",N20="",M20="",M20=0),0,IF(AND('SCORING METHOD'!$C$5-P20<=60,N20/M20>=0.5),MAX(0,MIN(1,(LOG10(MAX(1,K20/MAX(1,'SCORING METHOD'!$C$5-P20)))-2)/2.5)),0)) -> 0.3010882 | BO20: =IF(S20="",0,MAX(0,MIN(1,1-(S20-3)/27))) -> 1 | BP20: =ROUND(BK20*'SCORING METHOD'!$C$12+BL20*'SCORING METHOD'!$C$13+BM20*'SCORING METHOD'!$C$14+BN20*'SCORING METHOD'!$C$15+BO20*'SCORING METHOD'!$C$16,1) -> 49.4 | BQ20: =ROUND((N(AZ20)+N(BA20)+N(BB20)+N(BC20))/20*100,1) -> 60 | BR20: =IFERROR(INDEX('DATA SUFFICIENCY'!$J$2:$J$63,MATCH(C20,'DATA SUFFICIENCY'!$B$2:$B$63,0)),0) -> 0.9 | BS20: =ROUND('SCORING METHOD'!$C$17*BJ20+'SCORING METHOD'!$C$18*BP20+'SCORING METHOD'!$C$19*BQ20+'SCORING METHOD'!$C$20*BR20*100,1) -> 52.9 | BT20: =IF(F20="INCLUDED",BJ20+(1000-ROW())/100000,-1) -> 36.0098 | BU20: =IF(F20="INCLUDED",BP20+(1000-ROW())/100000,-1) -> 49.4098 | BV20: =IF(F20="INCLUDED",BQ20+(1000-ROW())/100000,-1) -> 60.0098 | BW20: =IF(F20="INCLUDED",BS20+(1000-ROW())/100000,-1) -> 52.9098 | BX20: Secondary rival in the Archibald Brown storyline, with its own token link.
A21: 20 | B21: Edmond Lebon | C21: edmond_lebon | D21: https://www.instagram.com/edmond_lebon/ | E21: DISCOVERED | F21: INCLUDED | H21: 'Handsome and strong' French strongman (AI human) | I21: Sep-2026 AI character / memecoin wave | J21: N | K21: 14689 | M21: 20 | N21: 12 | O21: PARTIAL (12/20) | P21: 46294 | Q21: Oldest of 12 sampled posts | R21: 46303 | S21: =IF(R21="","",'SCORING METHOD'!$C$5-R21) -> 1 | T21: 8 | U21: 12 | V21: 12 | W21: =IF(U21="","",U21/2) -> 6 | X21: 8532 | Y21: 490 | Z21: 100 | AA21: 12 | AB21: 0 | AC21: =IF(OR(X21="",K21="",K21=0),"",(X21+N(Z21))/K21) -> 0.58765062 | AD21: =IF(AC21="","UNKNOWN",IF(AC21>=0.05,"Very high",IF(AC21>=0.02,"High",IF(AC21>=0.005,"Medium","Low")))) -> Very high | AE21: 8532 | AF21: 100 | AG21: 89487 | AH21: https://www.instagram.com/p/Dd8LM0NscoW/ | AI21: 46296 | AJ21: 1048 | AK21: Bring... | AL21: 89487 | AM21: https://www.instagram.com/p/Dd8LM0NscoW/ | AN21: 46296 | AO21: Handsome and strong, what more could you ask for? $Edmond | AQ21: $Edmond (bio) | AS21: UNKNOWN | AT21: none observed | AU21: OBSERVED: 'Handsome and strong'; 'One of the most iconic duos' | AV21: UNKNOWN | AW21: Reels | AY21: 1 | AZ21: 2 | BA21: 3 | BB21: 2 | BC21: 1 | BD21: =IF(K21="",0,MAX(0,MIN(1,(LOG10(MAX(1,K21))-3)/4))) -> 0.29174806 | BE21: =IF(X21="",0,MAX(0,MIN(1,(LOG10(MAX(1,X21))-2)/4))) -> 0.48276271 | BF21: =IF(AG21="",0,MAX(0,MIN(1,(LOG10(MAX(1,AG21))-3)/4))) -> 0.48793999 | BG21: =IF(V21="",0,MIN(1,V21/20)) -> 0.6 | BH21: =MAX(IF(P21="",0,MIN(1,('SCORING METHOD'!$C$5-P21)/730)),IF(M21="",0,MAX(0,MIN(1,(LOG10(MAX(1,M21))-1)/2.5)))) -> 0.120412 | BI21: =IF(J21="Y",0.4,0)+0.6*N(AY21)/5 -> 0.12 | BJ21: =ROUND(BD21*'SCORING METHOD'!$C$6+BE21*'SCORING METHOD'!$C$7+BF21*'SCORING METHOD'!$C$8+BG21*'SCORING METHOD'!$C$9+BH21*'SCORING METHOD'!$C$10+BI21*'SCORING METHOD'!$C$11,1) -> 36.6 | BK21: =IF(AE21="",0,MAX(0,MIN(1,(LOG10(MAX(1,IF(X21="",AE21,MIN(AE21,X21))))-2)/4))) -> 0.48276271 | BL21: =IF(AL21="",0,MAX(0,MIN(1,(LOG10(MAX(1,AL21))-3)/4))) -> 0.48793999 | BM21: =IF(U21="",0,MIN(1,U21/14)) -> 0.85714286 | BN21: =IF(OR(P21="",K21="",N21="",M21="",M21=0),0,IF(AND('SCORING METHOD'!$C$5-P21<=60,N21/M21>=0.5),MAX(0,MIN(1,(LOG10(MAX(1,K21/MAX(1,'SCORING METHOD'!$C$5-P21)))-2)/2.5)),0)) -> 0.46679689 | BO21: =IF(S21="",0,MAX(0,MIN(1,1-(S21-3)/27))) -> 1 | BP21: =ROUND(BK21*'SCORING METHOD'!$C$12+BL21*'SCORING METHOD'!$C$13+BM21*'SCORING METHOD'!$C$14+BN21*'SCORING METHOD'!$C$15+BO21*'SCORING METHOD'!$C$16,1) -> 59 | BQ21: =ROUND((N(AZ21)+N(BA21)+N(BB21)+N(BC21))/20*100,1) -> 40 | BR21: =IFERROR(INDEX('DATA SUFFICIENCY'!$J$2:$J$63,MATCH(C21,'DATA SUFFICIENCY'!$B$2:$B$63,0)),0) -> 0.6 | BS21: =ROUND('SCORING METHOD'!$C$17*BJ21+'SCORING METHOD'!$C$18*BP21+'SCORING METHOD'!$C$19*BQ21+'SCORING METHOD'!$C$20*BR21*100,1) -> 47.5 | BT21: =IF(F21="INCLUDED",BJ21+(1000-ROW())/100000,-1) -> 36.60979 | BU21: =IF(F21="INCLUDED",BP21+(1000-ROW())/100000,-1) -> 59.00979 | BV21: =IF(F21="INCLUDED",BQ21+(1000-ROW())/100000,-1) -> 40.00979 | BW21: =IF(F21="INCLUDED",BS21+(1000-ROW())/100000,-1) -> 47.50979 | BX21: Ticker-in-bio character from the same wave; one 89K-like reel.
A22: 21 | B22: Vulu Zamal | C22: vuluzamal | D22: https://www.instagram.com/vuluzamal/ | E22: DISCOVERED | F22: INCLUDED | H22: Paris dancer/singer/stylist persona | I22: Sep-2026 AI character / memecoin wave | J22: N | K22: 36296 | M22: 11 | N22: 11 | O22: YES (11/11) | P22: 46295 | Q22: Full history loaded - first post | R22: 46304 | S22: =IF(R22="","",'SCORING METHOD'!$C$5-R22) -> 0 | T22: 5 | U22: 11 | V22: 11 | W22: =IF(U22="","",U22/2) -> 5.5 | X22: 23737 | Y22: 8035 | Z22: 324 | AA22: 53 | AB22: 0 | AC22: =IF(OR(X22="",K22="",K22=0),"",(X22+N(Z22))/K22) -> 0.66291051 | AD22: =IF(AC22="","UNKNOWN",IF(AC22>=0.05,"Very high",IF(AC22>=0.02,"High",IF(AC22>=0.005,"Medium","Low")))) -> Very high | AE22: 23737 | AF22: 324 | AG22: 194063 | AH22: https://www.instagram.com/p/Dd5VDDURAPn/ | AI22: 46295 | AJ22: 1875 | AK22: felt... | AL22: 194063 | AM22: https://www.instagram.com/p/Dd5VDDURAPn/ | AN22: 46295 | AO22: ifa paris 22' / dancer | singer | stylist | AQ22: NONE observed | AS22: UNKNOWN | AT22: none observed | AU22: OBSERVED: 'It's all about pleasing the cr[owd]' | AV22: UNKNOWN | AW22: Reels | AX22: AI status not declared - INFERRED from IG suggested-account clustering with the seeds. | AY22: 1 | AZ22: 3 | BA22: 3 | BB22: 1 | BC22: 1 | BD22: =IF(K22="",0,MAX(0,MIN(1,(LOG10(MAX(1,K22))-3)/4))) -> 0.38996469 | BE22: =IF(X22="",0,MAX(0,MIN(1,(LOG10(MAX(1,X22))-2)/4))) -> 0.59385646 | BF22: =IF(AG22="",0,MAX(0,MIN(1,(LOG10(MAX(1,AG22))-3)/4))) -> 0.57198569 | BG22: =IF(V22="",0,MIN(1,V22/20)) -> 0.55 | BH22: =MAX(IF(P22="",0,MIN(1,('SCORING METHOD'!$C$5-P22)/730)),IF(M22="",0,MAX(0,MIN(1,(LOG10(MAX(1,M22))-1)/2.5)))) -> 0.016557074 | BI22: =IF(J22="Y",0.4,0)+0.6*N(AY22)/5 -> 0.12 | BJ22: =ROUND(BD22*'SCORING METHOD'!$C$6+BE22*'SCORING METHOD'!$C$7+BF22*'SCORING METHOD'!$C$8+BG22*'SCORING METHOD'!$C$9+BH22*'SCORING METHOD'!$C$10+BI22*'SCORING METHOD'!$C$11,1) -> 41.9 | BK22: =IF(AE22="",0,MAX(0,MIN(1,(LOG10(MAX(1,IF(X22="",AE22,MIN(AE22,X22))))-2)/4))) -> 0.59385646 | BL22: =IF(AL22="",0,MAX(0,MIN(1,(LOG10(MAX(1,AL22))-3)/4))) -> 0.57198569 | BM22: =IF(U22="",0,MIN(1,U22/14)) -> 0.78571429 | BN22: =IF(OR(P22="",K22="",N22="",M22="",M22=0),0,IF(AND('SCORING METHOD'!$C$5-P22<=60,N22/M22>=0.5),MAX(0,MIN(1,(LOG10(MAX(1,K22/MAX(1,'SCORING METHOD'!$C$5-P22)))-2)/2.5)),0)) -> 0.6422465 | BO22: =IF(S22="",0,MAX(0,MIN(1,1-(S22-3)/27))) -> 1 | BP22: =ROUND(BK22*'SCORING METHOD'!$C$12+BL22*'SCORING METHOD'!$C$13+BM22*'SCORING METHOD'!$C$14+BN22*'SCORING METHOD'!$C$15+BO22*'SCORING METHOD'!$C$16,1) -> 66.5 | BQ22: =ROUND((N(AZ22)+N(BA22)+N(BB22)+N(BC22))/20*100,1) -> 40 | BR22: =IFERROR(INDEX('DATA SUFFICIENCY'!$J$2:$J$63,MATCH(C22,'DATA SUFFICIENCY'!$B$2:$B$63,0)),0) -> 0.7 | BS22: =ROUND('SCORING METHOD'!$C$17*BJ22+'SCORING METHOD'!$C$18*BP22+'SCORING METHOD'!$C$19*BQ22+'SCORING METHOD'!$C$20*BR22*100,1) -> 53.1 | BT22: =IF(F22="INCLUDED",BJ22+(1000-ROW())/100000,-1) -> 41.90978 | BU22: =IF(F22="INCLUDED",BP22+(1000-ROW())/100000,-1) -> 66.50978 | BV22: =IF(F22="INCLUDED",BQ22+(1000-ROW())/100000,-1) -> 40.00978 | BW22: =IF(F22="INCLUDED",BS22+(1000-ROW())/100000,-1) -> 53.10978 | BX22: High likes per follower (194K reel on debut day).
A23: 22 | B23: Imran Poppadumb | C23: imranpoppadumb | D23: https://www.instagram.com/imranpoppadumb/ | E23: DISCOVERED | F23: INCLUDED | H23: Dancing-for-peace character, crossover tagger | I23: Sep-2026 AI character / memecoin wave | J23: N | K23: 17346 | M23: 45 | N23: 22 | O23: PARTIAL (22/45) | P23: 46298 | Q23: Oldest of 22 sampled posts | R23: 46303 | S23: =IF(R23="","",'SCORING METHOD'!$C$5-R23) -> 1 | T23: 19 | U23: 19 | V23: 19 | W23: =IF(U23="","",U23/2) -> 9.5 | X23: 104 | Y23: 109 | Z23: 1 | AA23: 1 | AB23: 0 | AC23: =IF(OR(X23="",K23="",K23=0),"",(X23+N(Z23))/K23) -> 0.0060532688 | AD23: =IF(AC23="","UNKNOWN",IF(AC23>=0.05,"Very high",IF(AC23>=0.02,"High",IF(AC23>=0.005,"Medium","Low")))) -> Medium | AE23: 151 | AF23: 2 | AG23: 74041 | AH23: https://www.instagram.com/p/Dd9pUvWDT_0/ | AI23: 46296 | AJ23: 619 | AK23: gang got moves (pinned) | AL23: 609 | AM23: https://www.instagram.com/p/DeEGSC_AFXs/ | AN23: 46299 | AO23: (empty) | AP23: poppadumb.com | AQ23: NONE observed | AS23: UNKNOWN | AT23: jean_philanthrope (4), abu.shalab (2), miltonbumford (2), derek.mercer.2006 (1) | AU23: OBSERVED: 'dancing for worldwide peace ✌️' | AV23: UNKNOWN | AW23: Reels | AX23: Recent engagement collapsed (~100 likes) despite 19 posts/week. | AY23: 1 | AZ23: 3 | BA23: 3 | BB23: 2 | BC23: 4 | BD23: =IF(K23="",0,MAX(0,MIN(1,(LOG10(MAX(1,K23))-3)/4))) -> 0.30979984 | BE23: =IF(X23="",0,MAX(0,MIN(1,(LOG10(MAX(1,X23))-2)/4))) -> 0.0042583348 | BF23: =IF(AG23="",0,MAX(0,MIN(1,(LOG10(MAX(1,AG23))-3)/4))) -> 0.46736807 | BG23: =IF(V23="",0,MIN(1,V23/20)) -> 0.95 | BH23: =MAX(IF(P23="",0,MIN(1,('SCORING METHOD'!$C$5-P23)/730)),IF(M23="",0,MAX(0,MIN(1,(LOG10(MAX(1,M23))-1)/2.5)))) -> 0.26128501 | BI23: =IF(J23="Y",0.4,0)+0.6*N(AY23)/5 -> 0.12 | BJ23: =ROUND(BD23*'SCORING METHOD'!$C$6+BE23*'SCORING METHOD'!$C$7+BF23*'SCORING METHOD'!$C$8+BG23*'SCORING METHOD'!$C$9+BH23*'SCORING METHOD'!$C$10+BI23*'SCORING METHOD'!$C$11,1) -> 32 | BK23: =IF(AE23="",0,MAX(0,MIN(1,(LOG10(MAX(1,IF(X23="",AE23,MIN(AE23,X23))))-2)/4))) -> 0.0042583348 | BL23: =IF(AL23="",0,MAX(0,MIN(1,(LOG10(MAX(1,AL23))-3)/4))) -> 0 | BM23: =IF(U23="",0,MIN(1,U23/14)) -> 1 | BN23: =IF(OR(P23="",K23="",N23="",M23="",M23=0),0,IF(AND('SCORING METHOD'!$C$5-P23<=60,N23/M23>=0.5),MAX(0,MIN(1,(LOG10(MAX(1,K23/MAX(1,'SCORING METHOD'!$C$5-P23)))-2)/2.5)),0)) -> 0 | BO23: =IF(S23="",0,MAX(0,MIN(1,1-(S23-3)/27))) -> 1 | BP23: =ROUND(BK23*'SCORING METHOD'!$C$12+BL23*'SCORING METHOD'!$C$13+BM23*'SCORING METHOD'!$C$14+BN23*'SCORING METHOD'!$C$15+BO23*'SCORING METHOD'!$C$16,1) -> 25.1 | BQ23: =ROUND((N(AZ23)+N(BA23)+N(BB23)+N(BC23))/20*100,1) -> 60 | BR23: =IFERROR(INDEX('DATA SUFFICIENCY'!$J$2:$J$63,MATCH(C23,'DATA SUFFICIENCY'!$B$2:$B$63,0)),0) -> 0.8 | BS23: =ROUND('SCORING METHOD'!$C$17*BJ23+'SCORING METHOD'!$C$18*BP23+'SCORING METHOD'!$C$19*BQ23+'SCORING METHOD'!$C$20*BR23*100,1) -> 42.7 | BT23: =IF(F23="INCLUDED",BJ23+(1000-ROW())/100000,-1) -> 32.00977 | BU23: =IF(F23="INCLUDED",BP23+(1000-ROW())/100000,-1) -> 25.10977 | BV23: =IF(F23="INCLUDED",BQ23+(1000-ROW())/100000,-1) -> 60.00977 | BW23: =IF(F23="INCLUDED",BS23+(1000-ROW())/100000,-1) -> 42.70977 | BX23: Crossover connector between seed characters.
A24: 23 | B24: Tony Ravioliano | C24: tony_ravioliano | D24: https://www.instagram.com/tony_ravioliano/ | E24: DISCOVERED | F24: INCLUDED | H24: Italian espresso aficionado | I24: Sep-2026 AI character / memecoin wave | J24: N | K24: 12525 | M24: 30 | N24: 12 | O24: PARTIAL (12/30) | P24: 46296 | Q24: Oldest of 12 sampled posts | R24: 46304 | S24: =IF(R24="","",'SCORING METHOD'!$C$5-R24) -> 0 | T24: 10 | U24: 9 | V24: 9 | W24: =IF(U24="","",U24/2) -> 4.5 | X24: 2200 | Y24: 980 | Z24: 31 | AA24: 20 | AB24: 0 | AC24: =IF(OR(X24="",K24="",K24=0),"",(X24+N(Z24))/K24) -> 0.17812375 | AD24: =IF(AC24="","UNKNOWN",IF(AC24>=0.05,"Very high",IF(AC24>=0.02,"High",IF(AC24>=0.005,"Medium","Low")))) -> Very high | AE24: 2200 | AF24: 31 | AG24: 81230 | AH24: https://www.instagram.com/p/DeAQrgpT11j/ | AI24: 46299 | AJ24: 1450 | AK24: Can yo... (pinned) | AL24: 7051 | AM24: https://www.instagram.com/p/Dd9rvZeTkeJ/ | AN24: 46298 | AO24: Famous Espresso Aficionado / DM for promo inquiries / Now on Cameo for all Special Occasions | AP24: cameo.com/tonyravioliano | AQ24: NONE observed | AS24: UNKNOWN | AT24: none observed | AU24: OBSERVED: 'Ready for the Olympics', 'Tip toe'n in my Jordan's!' | AV24: UNKNOWN | AW24: Reels | AX24: Offers Cameo shout-outs; AI status not declared. | AY24: 2 | AZ24: 3 | BA24: 4 | BB24: 2 | BC24: 1 | BD24: =IF(K24="",0,MAX(0,MIN(1,(LOG10(MAX(1,K24))-3)/4))) -> 0.27444443 | BE24: =IF(X24="",0,MAX(0,MIN(1,(LOG10(MAX(1,X24))-2)/4))) -> 0.33560567 | BF24: =IF(AG24="",0,MAX(0,MIN(1,(LOG10(MAX(1,AG24))-3)/4))) -> 0.47742911 | BG24: =IF(V24="",0,MIN(1,V24/20)) -> 0.45 | BH24: =MAX(IF(P24="",0,MIN(1,('SCORING METHOD'!$C$5-P24)/730)),IF(M24="",0,MAX(0,MIN(1,(LOG10(MAX(1,M24))-1)/2.5)))) -> 0.1908485 | BI24: =IF(J24="Y",0.4,0)+0.6*N(AY24)/5 -> 0.24 | BJ24: =ROUND(BD24*'SCORING METHOD'!$C$6+BE24*'SCORING METHOD'!$C$7+BF24*'SCORING METHOD'!$C$8+BG24*'SCORING METHOD'!$C$9+BH24*'SCORING METHOD'!$C$10+BI24*'SCORING METHOD'!$C$11,1) -> 33.3 | BK24: =IF(AE24="",0,MAX(0,MIN(1,(LOG10(MAX(1,IF(X24="",AE24,MIN(AE24,X24))))-2)/4))) -> 0.33560567 | BL24: =IF(AL24="",0,MAX(0,MIN(1,(LOG10(MAX(1,AL24))-3)/4))) -> 0.21206268 | BM24: =IF(U24="",0,MIN(1,U24/14)) -> 0.64285714 | BN24: =IF(OR(P24="",K24="",N24="",M24="",M24=0),0,IF(AND('SCORING METHOD'!$C$5-P24<=60,N24/M24>=0.5),MAX(0,MIN(1,(LOG10(MAX(1,K24/MAX(1,'SCORING METHOD'!$C$5-P24)))-2)/2.5)),0)) -> 0 | BO24: =IF(S24="",0,MAX(0,MIN(1,1-(S24-3)/27))) -> 1 | BP24: =ROUND(BK24*'SCORING METHOD'!$C$12+BL24*'SCORING METHOD'!$C$13+BM24*'SCORING METHOD'!$C$14+BN24*'SCORING METHOD'!$C$15+BO24*'SCORING METHOD'!$C$16,1) -> 36.7 | BQ24: =ROUND((N(AZ24)+N(BA24)+N(BB24)+N(BC24))/20*100,1) -> 50 | BR24: =IFERROR(INDEX('DATA SUFFICIENCY'!$J$2:$J$63,MATCH(C24,'DATA SUFFICIENCY'!$B$2:$B$63,0)),0) -> 0.6 | BS24: =ROUND('SCORING METHOD'!$C$17*BJ24+'SCORING METHOD'!$C$18*BP24+'SCORING METHOD'!$C$19*BQ24+'SCORING METHOD'!$C$20*BR24*100,1) -> 41.7 | BT24: =IF(F24="INCLUDED",BJ24+(1000-ROW())/100000,-1) -> 33.30976 | BU24: =IF(F24="INCLUDED",BP24+(1000-ROW())/100000,-1) -> 36.70976 | BV24: =IF(F24="INCLUDED",BQ24+(1000-ROW())/100000,-1) -> 50.00976 | BW24: =IF(F24="INCLUDED",BS24+(1000-ROW())/100000,-1) -> 41.70976 | BX24: Monetising via Cameo - a non-crypto revenue model.
A25: 24 | B25: Don Nuger | C25: don_nuger | D25: https://www.instagram.com/don_nuger/ | E25: DISCOVERED | F25: INCLUDED | H25: Higgsfield-made comedic dancer | I25: Sep-2026 AI character / memecoin wave | J25: N | K25: 63220 | M25: 25 | N25: 22 | O25: PARTIAL (22/25) | P25: 46288 | Q25: Oldest of 22 sampled posts | R25: 46304 | S25: =IF(R25="","",'SCORING METHOD'!$C$5-R25) -> 0 | T25: 14 | U25: 18 | V25: 22 | W25: =IF(U25="","",U25/2) -> 9 | X25: 794 | Y25: 341 | Z25: 25 | AA25: 12 | AB25: 0 | AC25: =IF(OR(X25="",K25="",K25=0),"",(X25+N(Z25))/K25) -> 0.012954761 | AD25: =IF(AC25="","UNKNOWN",IF(AC25>=0.05,"Very high",IF(AC25>=0.02,"High",IF(AC25>=0.005,"Medium","Low")))) -> Medium | AE25: 11758 | AF25: 184 | AG25: 118332 | AH25: https://www.instagram.com/p/Dd-2uFShyCV/ | AI25: 46297 | AJ25: 1590 | AK25: 👇 Th... | AL25: 118332 | AM25: https://www.instagram.com/p/Dd-2uFShyCV/ | AN25: 46297 | AO25: Hi, Fellas! Made with @higgsfield.ai | AQ25: NONE observed | AS25: UNKNOWN | AT25: devonlindner_ (4), dance_sfinks_official (2), robotron.bot (2) | AU25: OBSERVED: 'Hi, Fellas!' | AV25: UNKNOWN | AW25: Reels | AX25: Last-12 avg (794) far below 14-day avg (11,758): decaying. | AY25: 1 | AZ25: 2 | BA25: 2 | BB25: 1 | BC25: 2 | BD25: =IF(K25="",0,MAX(0,MIN(1,(LOG10(MAX(1,K25))-3)/4))) -> 0.45021362 | BE25: =IF(X25="",0,MAX(0,MIN(1,(LOG10(MAX(1,X25))-2)/4))) -> 0.22495513 | BF25: =IF(AG25="",0,MAX(0,MIN(1,(LOG10(MAX(1,AG25))-3)/4))) -> 0.51827555 | BG25: =IF(V25="",0,MIN(1,V25/20)) -> 1 | BH25: =MAX(IF(P25="",0,MIN(1,('SCORING METHOD'!$C$5-P25)/730)),IF(M25="",0,MAX(0,MIN(1,(LOG10(MAX(1,M25))-1)/2.5)))) -> 0.159176 | BI25: =IF(J25="Y",0.4,0)+0.6*N(AY25)/5 -> 0.12 | BJ25: =ROUND(BD25*'SCORING METHOD'!$C$6+BE25*'SCORING METHOD'!$C$7+BF25*'SCORING METHOD'!$C$8+BG25*'SCORING METHOD'!$C$9+BH25*'SCORING METHOD'!$C$10+BI25*'SCORING METHOD'!$C$11,1) -> 41.2 | BK25: =IF(AE25="",0,MAX(0,MIN(1,(LOG10(MAX(1,IF(X25="",AE25,MIN(AE25,X25))))-2)/4))) -> 0.22495513 | BL25: =IF(AL25="",0,MAX(0,MIN(1,(LOG10(MAX(1,AL25))-3)/4))) -> 0.51827555 | BM25: =IF(U25="",0,MIN(1,U25/14)) -> 1 | BN25: =IF(OR(P25="",K25="",N25="",M25="",M25=0),0,IF(AND('SCORING METHOD'!$C$5-P25<=60,N25/M25>=0.5),MAX(0,MIN(1,(LOG10(MAX(1,K25/MAX(1,'SCORING METHOD'!$C$5-P25)))-2)/2.5)),0)) -> 0.6386938 | BO25: =IF(S25="",0,MAX(0,MIN(1,1-(S25-3)/27))) -> 1 | BP25: =ROUND(BK25*'SCORING METHOD'!$C$12+BL25*'SCORING METHOD'!$C$13+BM25*'SCORING METHOD'!$C$14+BN25*'SCORING METHOD'!$C$15+BO25*'SCORING METHOD'!$C$16,1) -> 55.4 | BQ25: =ROUND((N(AZ25)+N(BA25)+N(BB25)+N(BC25))/20*100,1) -> 35 | BR25: =IFERROR(INDEX('DATA SUFFICIENCY'!$J$2:$J$63,MATCH(C25,'DATA SUFFICIENCY'!$B$2:$B$63,0)),0) -> 0.8 | BS25: =ROUND('SCORING METHOD'!$C$17*BJ25+'SCORING METHOD'!$C$18*BP25+'SCORING METHOD'!$C$19*BQ25+'SCORING METHOD'!$C$20*BR25*100,1) -> 50 | BT25: =IF(F25="INCLUDED",BJ25+(1000-ROW())/100000,-1) -> 41.20975 | BU25: =IF(F25="INCLUDED",BP25+(1000-ROW())/100000,-1) -> 55.40975 | BV25: =IF(F25="INCLUDED",BQ25+(1000-ROW())/100000,-1) -> 35.00975 | BW25: =IF(F25="INCLUDED",BS25+(1000-ROW())/100000,-1) -> 50.00975 | BX25: Example of a fast-fading wave character.
A26: 25 | B26: Mr. Stretchy | C26: mr._stretchy | D26: https://www.instagram.com/mr._stretchy/ | E26: DISCOVERED | F26: INCLUDED | H26: Cozy AI storybook character (stretchy body) | I26: AI storytelling characters | J26: N | K26: 965161 | M26: 97 | N26: 22 | O26: PARTIAL (22/97) | P26: 46282 | Q26: Oldest of 22 sampled posts | R26: 46303 | S26: =IF(R26="","",'SCORING METHOD'!$C$5-R26) -> 1 | T26: 7 | U26: 13 | V26: 22 | W26: =IF(U26="","",U26/2) -> 6.5 | X26: 60268 | Y26: 49282 | Z26: 1767 | AA26: 2047 | AB26: 0 | AC26: =IF(OR(X26="",K26="",K26=0),"",(X26+N(Z26))/K26) -> 0.064274251 | AD26: =IF(AC26="","UNKNOWN",IF(AC26>=0.05,"Very high",IF(AC26>=0.02,"High",IF(AC26>=0.005,"Medium","Low")))) -> Very high | AE26: 61104 | AF26: 1786 | AG26: 502072 | AH26: https://www.instagram.com/p/DdW8lunNb70/ | AI26: 46289 | AJ26: 10382 | AK26: 🤨🍝 | AL26: 203290 | AM26: https://www.instagram.com/p/DeAcjbDtnuT/ | AN26: 46300 | AO26: little stories from a magical AI world / cozy characters • visual stories • AI art / ads & promotions | AP26: tiktok.com/@mr_.stretchy | AQ26: NONE observed | AS26: UNKNOWN | AT26: ms.stretchy (4), mahsunco (3, sponsor), ksenia_velart (3) | AU26: OBSERVED: 'How did my feet fit in these shoes?' | AV26: INFERRED: elastic-limbed cartoon man | AW26: Reels; sponsored product placements | AX26: Largest new-format AI character found (965K). Runs paid placements (Persian brand @mahsunco). | AY26: 3 | AZ26: 4 | BA26: 3 | BB26: 3 | BC26: 3 | BD26: =IF(K26="",0,MAX(0,MIN(1,(LOG10(MAX(1,K26))-3)/4))) -> 0.74614994 | BE26: =IF(X26="",0,MAX(0,MIN(1,(LOG10(MAX(1,X26))-2)/4))) -> 0.69502169 | BF26: =IF(AG26="",0,MAX(0,MIN(1,(LOG10(MAX(1,AG26))-3)/4))) -> 0.6751915 | BG26: =IF(V26="",0,MIN(1,V26/20)) -> 1 | BH26: =MAX(IF(P26="",0,MIN(1,('SCORING METHOD'!$C$5-P26)/730)),IF(M26="",0,MAX(0,MIN(1,(LOG10(MAX(1,M26))-1)/2.5)))) -> 0.39470869 | BI26: =IF(J26="Y",0.4,0)+0.6*N(AY26)/5 -> 0.36 | BJ26: =ROUND(BD26*'SCORING METHOD'!$C$6+BE26*'SCORING METHOD'!$C$7+BF26*'SCORING METHOD'!$C$8+BG26*'SCORING METHOD'!$C$9+BH26*'SCORING METHOD'!$C$10+BI26*'SCORING METHOD'!$C$11,1) -> 67.3 | BK26: =IF(AE26="",0,MAX(0,MIN(1,(LOG10(MAX(1,IF(X26="",AE26,MIN(AE26,X26))))-2)/4))) -> 0.69502169 | BL26: =IF(AL26="",0,MAX(0,MIN(1,(LOG10(MAX(1,AL26))-3)/4))) -> 0.577029 | BM26: =IF(U26="",0,MIN(1,U26/14)) -> 0.92857143 | BN26: =IF(OR(P26="",K26="",N26="",M26="",M26=0),0,IF(AND('SCORING METHOD'!$C$5-P26<=60,N26/M26>=0.5),MAX(0,MIN(1,(LOG10(MAX(1,K26/MAX(1,'SCORING METHOD'!$C$5-P26)))-2)/2.5)),0)) -> 0 | BO26: =IF(S26="",0,MAX(0,MIN(1,1-(S26-3)/27))) -> 1 | BP26: =ROUND(BK26*'SCORING METHOD'!$C$12+BL26*'SCORING METHOD'!$C$13+BM26*'SCORING METHOD'!$C$14+BN26*'SCORING METHOD'!$C$15+BO26*'SCORING METHOD'!$C$16,1) -> 62.7 | BQ26: =ROUND((N(AZ26)+N(BA26)+N(BB26)+N(BC26))/20*100,1) -> 65 | BR26: =IFERROR(INDEX('DATA SUFFICIENCY'!$J$2:$J$63,MATCH(C26,'DATA SUFFICIENCY'!$B$2:$B$63,0)),0) -> 0.8 | BS26: =ROUND('SCORING METHOD'!$C$17*BJ26+'SCORING METHOD'!$C$18*BP26+'SCORING METHOD'!$C$19*BQ26+'SCORING METHOD'!$C$20*BR26*100,1) -> 67.4 | BT26: =IF(F26="INCLUDED",BJ26+(1000-ROW())/100000,-1) -> 67.30974 | BU26: =IF(F26="INCLUDED",BP26+(1000-ROW())/100000,-1) -> 62.70974 | BV26: =IF(F26="INCLUDED",BQ26+(1000-ROW())/100000,-1) -> 65.00974 | BW26: =IF(F26="INCLUDED",BS26+(1000-ROW())/100000,-1) -> 67.40974 | BX26: Near-1M AI character with a partner character (Ms. Stretchy) and visible ad revenue.
A27: 26 | B27: Ms. Stretchy | C27: ms.stretchy | D27: https://www.instagram.com/ms.stretchy/ | E27: DISCOVERED | F27: INCLUDED | H27: Partner character of Mr. Stretchy | I27: AI storytelling characters | J27: N | K27: 80794 | M27: 10 | N27: 10 | O27: YES (10/10) | P27: 46265 | Q27: Full history loaded - first post | R27: 46303 | S27: =IF(R27="","",'SCORING METHOD'!$C$5-R27) -> 1 | T27: 1 | U27: 2 | V27: 9 | W27: =IF(U27="","",U27/2) -> 1 | X27: 129199 | Y27: 72884 | Z27: 2907 | AA27: 2309 | AB27: 0 | AC27: =IF(OR(X27="",K27="",K27=0),"",(X27+N(Z27))/K27) -> 1.6350967 | AD27: =IF(AC27="","UNKNOWN",IF(AC27>=0.05,"Very high",IF(AC27>=0.02,"High",IF(AC27>=0.005,"Medium","Low")))) -> Very high | AE27: 21214 | AF27: 537 | AG27: 647717 | AH27: https://www.instagram.com/p/DdH9RnPNA_3/ | AI27: 46277 | AJ27: 11452 | AK27: 🤪 @... | AL27: 35868 | AM27: https://www.instagram.com/p/Dd1GEHzt04I/ | AN27: 46296 | AO27: Ms. Stretchy / little stories from a magical AI world / cozy characters | AQ27: NONE observed | AS27: UNKNOWN | AT27: ksenia_velart (3), adrielusho (2) | AU27: INFERRED: playful counterpart to Mr. Stretchy | AV27: INFERRED: elastic cartoon woman | AW27: Reels | AX27: Very high likes per post vs followers. | AY27: 2 | AZ27: 4 | BA27: 3 | BB27: 3 | BC27: 3 | BD27: =IF(K27="",0,MAX(0,MIN(1,(LOG10(MAX(1,K27))-3)/4))) -> 0.47684478 | BE27: =IF(X27="",0,MAX(0,MIN(1,(LOG10(MAX(1,X27))-2)/4))) -> 0.77781479 | BF27: =IF(AG27="",0,MAX(0,MIN(1,(LOG10(MAX(1,AG27))-3)/4))) -> 0.70284632 | BG27: =IF(V27="",0,MIN(1,V27/20)) -> 0.45 | BH27: =MAX(IF(P27="",0,MIN(1,('SCORING METHOD'!$C$5-P27)/730)),IF(M27="",0,MAX(0,MIN(1,(LOG10(MAX(1,M27))-1)/2.5)))) -> 0.053424658 | BI27: =IF(J27="Y",0.4,0)+0.6*N(AY27)/5 -> 0.24 | BJ27: =ROUND(BD27*'SCORING METHOD'!$C$6+BE27*'SCORING METHOD'!$C$7+BF27*'SCORING METHOD'!$C$8+BG27*'SCORING METHOD'!$C$9+BH27*'SCORING METHOD'!$C$10+BI27*'SCORING METHOD'!$C$11,1) -> 51.4 | BK27: =IF(AE27="",0,MAX(0,MIN(1,(LOG10(MAX(1,IF(X27="",AE27,MIN(AE27,X27))))-2)/4))) -> 0.58165564 | BL27: =IF(AL27="",0,MAX(0,MIN(1,(LOG10(MAX(1,AL27))-3)/4))) -> 0.38867679 | BM27: =IF(U27="",0,MIN(1,U27/14)) -> 0.14285714 | BN27: =IF(OR(P27="",K27="",N27="",M27="",M27=0),0,IF(AND('SCORING METHOD'!$C$5-P27<=60,N27/M27>=0.5),MAX(0,MIN(1,(LOG10(MAX(1,K27/MAX(1,'SCORING METHOD'!$C$5-P27)))-2)/2.5)),0)) -> 0.5265258 | BO27: =IF(S27="",0,MAX(0,MIN(1,1-(S27-3)/27))) -> 1 | BP27: =ROUND(BK27*'SCORING METHOD'!$C$12+BL27*'SCORING METHOD'!$C$13+BM27*'SCORING METHOD'!$C$14+BN27*'SCORING METHOD'!$C$15+BO27*'SCORING METHOD'!$C$16,1) -> 50.1 | BQ27: =ROUND((N(AZ27)+N(BA27)+N(BB27)+N(BC27))/20*100,1) -> 65 | BR27: =IFERROR(INDEX('DATA SUFFICIENCY'!$J$2:$J$63,MATCH(C27,'DATA SUFFICIENCY'!$B$2:$B$63,0)),0) -> 0.8 | BS27: =ROUND('SCORING METHOD'!$C$17*BJ27+'SCORING METHOD'!$C$18*BP27+'SCORING METHOD'!$C$19*BQ27+'SCORING METHOD'!$C$20*BR27*100,1) -> 58 | BT27: =IF(F27="INCLUDED",BJ27+(1000-ROW())/100000,-1) -> 51.40973 | BU27: =IF(F27="INCLUDED",BP27+(1000-ROW())/100000,-1) -> 50.10973 | BV27: =IF(F27="INCLUDED",BQ27+(1000-ROW())/100000,-1) -> 65.00973 | BW27: =IF(F27="INCLUDED",BS27+(1000-ROW())/100000,-1) -> 58.00973 | BX27: Shows an AI 'couple' franchise model.
A28: 27 | B28: Pik Vik (Shadow & Milo) | C28: pik.vik1 | D28: https://www.instagram.com/pik.vik1/ | E28: DISCOVERED | F28: INCLUDED | H28: AI pet-story characters Shadow & Milo | I28: AI-animal fighter universe (Higgsfield creators) | J28: Y | K28: 85019 | M28: 110 | N28: 12 | O28: PARTIAL (12/110) | P28: 46295 | Q28: Oldest of 12 sampled posts | R28: 46303 | S28: =IF(R28="","",'SCORING METHOD'!$C$5-R28) -> 1 | T28: 9 | U28: 12 | V28: 12 | W28: =IF(U28="","",U28/2) -> 6 | X28: 11405 | Y28: 5704 | Z28: 108 | AA28: 82 | AB28: 0 | AC28: =IF(OR(X28="",K28="",K28=0),"",(X28+N(Z28))/K28) -> 0.13541679 | AD28: =IF(AC28="","UNKNOWN",IF(AC28>=0.05,"Very high",IF(AC28>=0.02,"High",IF(AC28>=0.005,"Medium","Low")))) -> Very high | AE28: 11405 | AF28: 108 | AG28: 52198 | AH28: https://www.instagram.com/p/Dd6Anomgs5t/ | AI28: 46295 | AJ28: 456 | AK28: Shadow ... | AL28: 52198 | AM28: https://www.instagram.com/p/Dd6Anomgs5t/ | AN28: 46295 | AO28: Pik Vik | Shadow 🐾 / AI Stories • Real Characters / Shadow & Milo's World | AQ28: NONE observed | AS28: UNKNOWN | AT28: higgsfield.ai (13), candy.greyhound (2), k.mbappe (2, real); tagged by abunuttyofficial | AU28: OBSERVED: 'Shadow & Milo's World' | AV28: INFERRED: dog/cat duo | AW28: Reels | AX28: Verified. | AY28: 2 | AZ28: 3 | BA28: 3 | BB28: 3 | BC28: 3 | BD28: =IF(K28="",0,MAX(0,MIN(1,(LOG10(MAX(1,K28))-3)/4))) -> 0.482379 | BE28: =IF(X28="",0,MAX(0,MIN(1,(LOG10(MAX(1,X28))-2)/4))) -> 0.51427382 | BF28: =IF(AG28="",0,MAX(0,MIN(1,(LOG10(MAX(1,AG28))-3)/4))) -> 0.42941347 | BG28: =IF(V28="",0,MIN(1,V28/20)) -> 0.6 | BH28: =MAX(IF(P28="",0,MIN(1,('SCORING METHOD'!$C$5-P28)/730)),IF(M28="",0,MAX(0,MIN(1,(LOG10(MAX(1,M28))-1)/2.5)))) -> 0.41655707 | BI28: =IF(J28="Y",0.4,0)+0.6*N(AY28)/5 -> 0.64 | BJ28: =ROUND(BD28*'SCORING METHOD'!$C$6+BE28*'SCORING METHOD'!$C$7+BF28*'SCORING METHOD'!$C$8+BG28*'SCORING METHOD'!$C$9+BH28*'SCORING METHOD'!$C$10+BI28*'SCORING METHOD'!$C$11,1) -> 49.9 | BK28: =IF(AE28="",0,MAX(0,MIN(1,(LOG10(MAX(1,IF(X28="",AE28,MIN(AE28,X28))))-2)/4))) -> 0.51427382 | BL28: =IF(AL28="",0,MAX(0,MIN(1,(LOG10(MAX(1,AL28))-3)/4))) -> 0.42941347 | BM28: =IF(U28="",0,MIN(1,U28/14)) -> 0.85714286 | BN28: =IF(OR(P28="",K28="",N28="",M28="",M28=0),0,IF(AND('SCORING METHOD'!$C$5-P28<=60,N28/M28>=0.5),MAX(0,MIN(1,(LOG10(MAX(1,K28/MAX(1,'SCORING METHOD'!$C$5-P28)))-2)/2.5)),0)) -> 0 | BO28: =IF(S28="",0,MAX(0,MIN(1,1-(S28-3)/27))) -> 1 | BP28: =ROUND(BK28*'SCORING METHOD'!$C$12+BL28*'SCORING METHOD'!$C$13+BM28*'SCORING METHOD'!$C$14+BN28*'SCORING METHOD'!$C$15+BO28*'SCORING METHOD'!$C$16,1) -> 51.6 | BQ28: =ROUND((N(AZ28)+N(BA28)+N(BB28)+N(BC28))/20*100,1) -> 60 | BR28: =IFERROR(INDEX('DATA SUFFICIENCY'!$J$2:$J$63,MATCH(C28,'DATA SUFFICIENCY'!$B$2:$B$63,0)),0) -> 0.9 | BS28: =ROUND('SCORING METHOD'!$C$17*BJ28+'SCORING METHOD'!$C$18*BP28+'SCORING METHOD'!$C$19*BQ28+'SCORING METHOD'!$C$20*BR28*100,1) -> 58.4 | BT28: =IF(F28="INCLUDED",BJ28+(1000-ROW())/100000,-1) -> 49.90972 | BU28: =IF(F28="INCLUDED",BP28+(1000-ROW())/100000,-1) -> 51.60972 | BV28: =IF(F28="INCLUDED",BQ28+(1000-ROW())/100000,-1) -> 60.00972 | BW28: =IF(F28="INCLUDED",BS28+(1000-ROW())/100000,-1) -> 58.40972 | BX28: Verified pet-duo universe connected to the fight league.
A29: 28 | B29: Lil Miquela | C29: lilmiquela | D29: https://www.instagram.com/lilmiquela/ | E29: DISCOVERED | F29: INCLUDED | H29: Original CGI virtual influencer / musician | I29: Established virtual influencer (pre-2026) | J29: Y | K29: 2247629 | M29: 1501 | N29: 22 | O29: PARTIAL (22/1501) | P29: 46125 | Q29: Oldest of 22 sampled posts (account is far older - not verifiable from sample) | R29: 46301 | S29: =IF(R29="","",'SCORING METHOD'!$C$5-R29) -> 3 | T29: 2 | U29: 2 | V29: 3 | W29: =IF(U29="","",U29/2) -> 1 | X29: 1102 | Y29: 949 | Z29: 78 | AA29: 72 | AB29: 3 | AC29: =IF(OR(X29="",K29="",K29=0),"",(X29+N(Z29))/K29) -> 0.00052499768 | AD29: =IF(AC29="","UNKNOWN",IF(AC29>=0.05,"Very high",IF(AC29>=0.02,"High",IF(AC29>=0.005,"Medium","Low")))) -> Low | AE29: 901 | AF29: 68 | AG29: 3799 | AH29: https://www.instagram.com/p/DXE1ordFGu-/ | AI29: 46125 | AJ29: 57 | AK29: i lived a... (carousel; max within sample only) | AL29: 1028 | AM29: https://www.instagram.com/p/DeKPiH-jtIG/ | AN29: 46301 | AO29: (not captured) | AQ29: NONE observed | AS29: UNKNOWN | AT29: sabrinacarpenter (2, real), coachella (2), johnliwag (2) | AU29: INFERRED: Gen-Z musician/robot with long-running storyline | AV29: INFERRED: CGI teen with space buns | AW29: Photos/carousels/Reels | AX29: Likes hidden on 3 of last 12. Engagement per follower now very low (~0.05%). | AY29: 5 | AZ29: 5 | BA29: 5 | BB29: 5 | BC29: 3 | BD29: =IF(K29="",0,MAX(0,MIN(1,(LOG10(MAX(1,K29))-3)/4))) -> 0.83793116 | BE29: =IF(X29="",0,MAX(0,MIN(1,(LOG10(MAX(1,X29))-2)/4))) -> 0.2605454 | BF29: =IF(AG29="",0,MAX(0,MIN(1,(LOG10(MAX(1,AG29))-3)/4))) -> 0.14491732 | BG29: =IF(V29="",0,MIN(1,V29/20)) -> 0.15 | BH29: =MAX(IF(P29="",0,MIN(1,('SCORING METHOD'!$C$5-P29)/730)),IF(M29="",0,MAX(0,MIN(1,(LOG10(MAX(1,M29))-1)/2.5)))) -> 0.87055228 | BI29: =IF(J29="Y",0.4,0)+0.6*N(AY29)/5 -> 1 | BJ29: =ROUND(BD29*'SCORING METHOD'!$C$6+BE29*'SCORING METHOD'!$C$7+BF29*'SCORING METHOD'!$C$8+BG29*'SCORING METHOD'!$C$9+BH29*'SCORING METHOD'!$C$10+BI29*'SCORING METHOD'!$C$11,1) -> 53.5 | BK29: =IF(AE29="",0,MAX(0,MIN(1,(LOG10(MAX(1,IF(X29="",AE29,MIN(AE29,X29))))-2)/4))) -> 0.2386812 | BL29: =IF(AL29="",0,MAX(0,MIN(1,(LOG10(MAX(1,AL29))-3)/4))) -> 0.0029982787 | BM29: =IF(U29="",0,MIN(1,U29/14)) -> 0.14285714 | BN29: =IF(OR(P29="",K29="",N29="",M29="",M29=0),0,IF(AND('SCORING METHOD'!$C$5-P29<=60,N29/M29>=0.5),MAX(0,MIN(1,(LOG10(MAX(1,K29/MAX(1,'SCORING METHOD'!$C$5-P29)))-2)/2.5)),0)) -> 0 | BO29: =IF(S29="",0,MAX(0,MIN(1,1-(S29-3)/27))) -> 1 | BP29: =ROUND(BK29*'SCORING METHOD'!$C$12+BL29*'SCORING METHOD'!$C$13+BM29*'SCORING METHOD'!$C$14+BN29*'SCORING METHOD'!$C$15+BO29*'SCORING METHOD'!$C$16,1) -> 20.6 | BQ29: =ROUND((N(AZ29)+N(BA29)+N(BB29)+N(BC29))/20*100,1) -> 90 | BR29: =IFERROR(INDEX('DATA SUFFICIENCY'!$J$2:$J$63,MATCH(C29,'DATA SUFFICIENCY'!$B$2:$B$63,0)),0) -> 0.7 | BS29: =ROUND('SCORING METHOD'!$C$17*BJ29+'SCORING METHOD'!$C$18*BP29+'SCORING METHOD'!$C$19*BQ29+'SCORING METHOD'!$C$20*BR29*100,1) -> 53.4 | BT29: =IF(F29="INCLUDED",BJ29+(1000-ROW())/100000,-1) -> 53.50971 | BU29: =IF(F29="INCLUDED",BP29+(1000-ROW())/100000,-1) -> 20.60971 | BV29: =IF(F29="INCLUDED",BQ29+(1000-ROW())/100000,-1) -> 90.00971 | BW29: =IF(F29="INCLUDED",BS29+(1000-ROW())/100000,-1) -> 53.40971 | BX29: Category benchmark: biggest legacy following, but low current engagement.
A30: 29 | B30: Granny Spills | C30: grannyspills | D30: https://www.instagram.com/grannyspills/ | E30: DISCOVERED | F30: INCLUDED | H30: AI sassy grandmother giving life advice | I30: AI character studio (Blur Studios) | J30: Y | K30: 2170103 | M30: 212 | N30: 22 | O30: PARTIAL (22/212) | P30: 45849 | Q30: Pinned post date (oldest in sample) | R30: 46303 | S30: =IF(R30="","",'SCORING METHOD'!$C$5-R30) -> 1 | T30: 13 | U30: 20 | V30: 20 | W30: =IF(U30="","",U30/2) -> 10 | X30: 12268 | Y30: 2621 | Z30: 157 | AA30: 60 | AB30: 1 | AC30: =IF(OR(X30="",K30="",K30=0),"",(X30+N(Z30))/K30) -> 0.0057255347 | AD30: =IF(AC30="","UNKNOWN",IF(AC30>=0.05,"Very high",IF(AC30>=0.02,"High",IF(AC30>=0.005,"Medium","Low")))) -> Medium | AE30: 9534 | AF30: 128 | AG30: 1027957 | AH30: https://www.instagram.com/p/DL8o9HPtwf0/ | AI30: 45849 | AJ30: 19060 | AK30: @gr... (pinned) | AL30: 55078 | AM30: https://www.instagram.com/p/DeCz8Bniv7e/ | AN30: 46298 | AO30: (not captured) | AQ30: NONE observed | AS30: UNKNOWN | AT30: blurstudios.ai (4, creator), auntieauroraa (3), nananessaa (2), madonna (2, real), kalshi (brand) | AU30: INFERRED: brutally honest rich granny | AV30: INFERRED: elderly glam woman | AW30: Reels | AX30: Owned by an AI studio that runs sibling characters. | AY30: 5 | AZ30: 5 | BA30: 5 | BB30: 3 | BC30: 4 | BD30: =IF(K30="",0,MAX(0,MIN(1,(LOG10(MAX(1,K30))-3)/4))) -> 0.83412009 | BE30: =IF(X30="",0,MAX(0,MIN(1,(LOG10(MAX(1,X30))-2)/4))) -> 0.52219344 | BF30: =IF(AG30="",0,MAX(0,MIN(1,(LOG10(MAX(1,AG30))-3)/4))) -> 0.75299374 | BG30: =IF(V30="",0,MIN(1,V30/20)) -> 1 | BH30: =MAX(IF(P30="",0,MIN(1,('SCORING METHOD'!$C$5-P30)/730)),IF(M30="",0,MAX(0,MIN(1,(LOG10(MAX(1,M30))-1)/2.5)))) -> 0.62328767 | BI30: =IF(J30="Y",0.4,0)+0.6*N(AY30)/5 -> 1 | BJ30: =ROUND(BD30*'SCORING METHOD'!$C$6+BE30*'SCORING METHOD'!$C$7+BF30*'SCORING METHOD'!$C$8+BG30*'SCORING METHOD'!$C$9+BH30*'SCORING METHOD'!$C$10+BI30*'SCORING METHOD'!$C$11,1) -> 76.8 | BK30: =IF(AE30="",0,MAX(0,MIN(1,(LOG10(MAX(1,IF(X30="",AE30,MIN(AE30,X30))))-2)/4))) -> 0.49481879 | BL30: =IF(AL30="",0,MAX(0,MIN(1,(LOG10(MAX(1,AL30))-3)/4))) -> 0.43524454 | BM30: =IF(U30="",0,MIN(1,U30/14)) -> 1 | BN30: =IF(OR(P30="",K30="",N30="",M30="",M30=0),0,IF(AND('SCORING METHOD'!$C$5-P30<=60,N30/M30>=0.5),MAX(0,MIN(1,(LOG10(MAX(1,K30/MAX(1,'SCORING METHOD'!$C$5-P30)))-2)/2.5)),0)) -> 0 | BO30: =IF(S30="",0,MAX(0,MIN(1,1-(S30-3)/27))) -> 1 | BP30: =ROUND(BK30*'SCORING METHOD'!$C$12+BL30*'SCORING METHOD'!$C$13+BM30*'SCORING METHOD'!$C$14+BN30*'SCORING METHOD'!$C$15+BO30*'SCORING METHOD'!$C$16,1) -> 53.2 | BQ30: =ROUND((N(AZ30)+N(BA30)+N(BB30)+N(BC30))/20*100,1) -> 85 | BR30: =IFERROR(INDEX('DATA SUFFICIENCY'!$J$2:$J$63,MATCH(C30,'DATA SUFFICIENCY'!$B$2:$B$63,0)),0) -> 0.9 | BS30: =ROUND('SCORING METHOD'!$C$17*BJ30+'SCORING METHOD'!$C$18*BP30+'SCORING METHOD'!$C$19*BQ30+'SCORING METHOD'!$C$20*BR30*100,1) -> 73.3 | BT30: =IF(F30="INCLUDED",BJ30+(1000-ROW())/100000,-1) -> 76.8097 | BU30: =IF(F30="INCLUDED",BP30+(1000-ROW())/100000,-1) -> 53.2097 | BV30: =IF(F30="INCLUDED",BQ30+(1000-ROW())/100000,-1) -> 85.0097 | BW30: =IF(F30="INCLUDED",BS30+(1000-ROW())/100000,-1) -> 73.3097 | BX30: Largest AI-native (generative, not CGI) character found: 2.17M followers, 1M-like reel, 20 posts in 14 days.
A31: 30 | B31: Auntie Aurora | C31: auntieauroraa | D31: https://www.instagram.com/auntieauroraa/ | E31: DISCOVERED | F31: INCLUDED | H31: Granny Spills' sibling AI character | I31: AI character studio (Blur Studios) | J31: Y | K31: 120171 | M31: 53 | N31: 12 | O31: PARTIAL (12/53) | P31: 45991 | Q31: Oldest of 12 sampled posts | R31: 46301 | S31: =IF(R31="","",'SCORING METHOD'!$C$5-R31) -> 3 | T31: 1 | U31: 1 | V31: 1 | W31: =IF(U31="","",U31/2) -> 0.5 | X31: 4399 | Y31: 625 | Z31: 67 | AA31: 19 | AB31: 0 | AC31: =IF(OR(X31="",K31="",K31=0),"",(X31+N(Z31))/K31) -> 0.037163708 | AD31: =IF(AC31="","UNKNOWN",IF(AC31>=0.05,"Very high",IF(AC31>=0.02,"High",IF(AC31>=0.005,"Medium","Low")))) -> High | AE31: 625 | AF31: 19 | AG31: 14391 | AH31: https://www.instagram.com/p/DTYiD4qEtdU/ | AI31: 46033 | AJ31: 148 | AK31: We all... | AL31: 625 | AM31: https://www.instagram.com/p/DeKPxSGCo-D/ | AN31: 46301 | AO31: Auntie Aurora 🧡 / Auntie didn't get rich knitting. / Birthed by @blurstudios.ai | AQ31: NONE observed | AS31: UNKNOWN | AT31: nananessaa (4), grannyspills (1), higgsfield.ai (9) | AU31: OBSERVED: 'Auntie didn't get rich knitting.' | AV31: UNKNOWN | AW31: Reels | AX31: Low posting cadence. | AY31: 2 | AZ31: 4 | BA31: 4 | BB31: 2 | BC31: 4 | BD31: =IF(K31="",0,MAX(0,MIN(1,(LOG10(MAX(1,K31))-3)/4))) -> 0.51994992 | BE31: =IF(X31="",0,MAX(0,MIN(1,(LOG10(MAX(1,X31))-2)/4))) -> 0.41083849 | BF31: =IF(AG31="",0,MAX(0,MIN(1,(LOG10(MAX(1,AG31))-3)/4))) -> 0.28952274 | BG31: =IF(V31="",0,MIN(1,V31/20)) -> 0.05 | BH31: =MAX(IF(P31="",0,MIN(1,('SCORING METHOD'!$C$5-P31)/730)),IF(M31="",0,MAX(0,MIN(1,(LOG10(MAX(1,M31))-1)/2.5)))) -> 0.42876712 | BI31: =IF(J31="Y",0.4,0)+0.6*N(AY31)/5 -> 0.64 | BJ31: =ROUND(BD31*'SCORING METHOD'!$C$6+BE31*'SCORING METHOD'!$C$7+BF31*'SCORING METHOD'!$C$8+BG31*'SCORING METHOD'!$C$9+BH31*'SCORING METHOD'!$C$10+BI31*'SCORING METHOD'!$C$11,1) -> 40.8 | BK31: =IF(AE31="",0,MAX(0,MIN(1,(LOG10(MAX(1,IF(X31="",AE31,MIN(AE31,X31))))-2)/4))) -> 0.19897 | BL31: =IF(AL31="",0,MAX(0,MIN(1,(LOG10(MAX(1,AL31))-3)/4))) -> 0 | BM31: =IF(U31="",0,MIN(1,U31/14)) -> 0.071428571 | BN31: =IF(OR(P31="",K31="",N31="",M31="",M31=0),0,IF(AND('SCORING METHOD'!$C$5-P31<=60,N31/M31>=0.5),MAX(0,MIN(1,(LOG10(MAX(1,K31/MAX(1,'SCORING METHOD'!$C$5-P31)))-2)/2.5)),0)) -> 0 | BO31: =IF(S31="",0,MAX(0,MIN(1,1-(S31-3)/27))) -> 1 | BP31: =ROUND(BK31*'SCORING METHOD'!$C$12+BL31*'SCORING METHOD'!$C$13+BM31*'SCORING METHOD'!$C$14+BN31*'SCORING METHOD'!$C$15+BO31*'SCORING METHOD'!$C$16,1) -> 18 | BQ31: =ROUND((N(AZ31)+N(BA31)+N(BB31)+N(BC31))/20*100,1) -> 70 | BR31: =IFERROR(INDEX('DATA SUFFICIENCY'!$J$2:$J$63,MATCH(C31,'DATA SUFFICIENCY'!$B$2:$B$63,0)),0) -> 0.9 | BS31: =ROUND('SCORING METHOD'!$C$17*BJ31+'SCORING METHOD'!$C$18*BP31+'SCORING METHOD'!$C$19*BQ31+'SCORING METHOD'!$C$20*BR31*100,1) -> 47.2 | BT31: =IF(F31="INCLUDED",BJ31+(1000-ROW())/100000,-1) -> 40.80969 | BU31: =IF(F31="INCLUDED",BP31+(1000-ROW())/100000,-1) -> 18.00969 | BV31: =IF(F31="INCLUDED",BQ31+(1000-ROW())/100000,-1) -> 70.00969 | BW31: =IF(F31="INCLUDED",BS31+(1000-ROW())/100000,-1) -> 47.20969 | BX31: Studio-built character family (shared universe with Granny Spills).
A32: 31 | B32: Nobody Sausage | C32: nobodysausage | D32: https://www.instagram.com/nobodysausage/ | E32: DISCOVERED | F32: INCLUDED | H32: 3D-animated dancing sausage character | I32: Established virtual character (CGI) | J32: Y | K32: 7346848 | M32: 743 | N32: 22 | O32: PARTIAL (22/743) | P32: 46213 | Q32: Oldest of 22 sampled posts | R32: 46301 | S32: =IF(R32="","",'SCORING METHOD'!$C$5-R32) -> 3 | T32: 2 | U32: 3 | V32: 7 | W32: =IF(U32="","",U32/2) -> 1.5 | X32: 99531 | Y32: 67039 | Z32: 648 | AA32: 530 | AB32: 0 | AC32: =IF(OR(X32="",K32="",K32=0),"",(X32+N(Z32))/K32) -> 0.013635643 | AD32: =IF(AC32="","UNKNOWN",IF(AC32>=0.05,"Very high",IF(AC32>=0.02,"High",IF(AC32>=0.005,"Medium","Low")))) -> Medium | AE32: 25533 | AF32: 249 | AG32: 565164 | AH32: https://www.instagram.com/p/DbI9CnVxzJs/ | AI32: 46226 | AJ32: 2455 | AK32: We ar... | AL32: 29084 | AM32: https://www.instagram.com/p/Dd1aXmFs8kY/ | AN32: 46293 | AO32: (not captured) | AQ32: NONE observed | AS32: UNKNOWN | AT32: spaceykacey (2), marcrebillet (1, real) | AU32: INFERRED: wholesome dancer | AV32: INFERRED: simple 3D sausage figure | AW32: Reels | AX32: CGI-animated rather than generative AI - include as 'synthetic celebrity'. | AY32: 5 | AZ32: 5 | BA32: 4 | BB32: 2 | BC32: 2 | BD32: =IF(K32="",0,MAX(0,MIN(1,(LOG10(MAX(1,K32))-3)/4))) -> 0.96652526 | BE32: =IF(X32="",0,MAX(0,MIN(1,(LOG10(MAX(1,X32))-2)/4))) -> 0.74948959 | BF32: =IF(AG32="",0,MAX(0,MIN(1,(LOG10(MAX(1,AG32))-3)/4))) -> 0.68804362 | BG32: =IF(V32="",0,MIN(1,V32/20)) -> 0.35 | BH32: =MAX(IF(P32="",0,MIN(1,('SCORING METHOD'!$C$5-P32)/730)),IF(M32="",0,MAX(0,MIN(1,(LOG10(MAX(1,M32))-1)/2.5)))) -> 0.74839553 | BI32: =IF(J32="Y",0.4,0)+0.6*N(AY32)/5 -> 1 | BJ32: =ROUND(BD32*'SCORING METHOD'!$C$6+BE32*'SCORING METHOD'!$C$7+BF32*'SCORING METHOD'!$C$8+BG32*'SCORING METHOD'!$C$9+BH32*'SCORING METHOD'!$C$10+BI32*'SCORING METHOD'!$C$11,1) -> 78.7 | BK32: =IF(AE32="",0,MAX(0,MIN(1,(LOG10(MAX(1,IF(X32="",AE32,MIN(AE32,X32))))-2)/4))) -> 0.60177546 | BL32: =IF(AL32="",0,MAX(0,MIN(1,(LOG10(MAX(1,AL32))-3)/4))) -> 0.36591353 | BM32: =IF(U32="",0,MIN(1,U32/14)) -> 0.21428571 | BN32: =IF(OR(P32="",K32="",N32="",M32="",M32=0),0,IF(AND('SCORING METHOD'!$C$5-P32<=60,N32/M32>=0.5),MAX(0,MIN(1,(LOG10(MAX(1,K32/MAX(1,'SCORING METHOD'!$C$5-P32)))-2)/2.5)),0)) -> 0 | BO32: =IF(S32="",0,MAX(0,MIN(1,1-(S32-3)/27))) -> 1 | BP32: =ROUND(BK32*'SCORING METHOD'!$C$12+BL32*'SCORING METHOD'!$C$13+BM32*'SCORING METHOD'!$C$14+BN32*'SCORING METHOD'!$C$15+BO32*'SCORING METHOD'!$C$16,1) -> 43.4 | BQ32: =ROUND((N(AZ32)+N(BA32)+N(BB32)+N(BC32))/20*100,1) -> 65 | BR32: =IFERROR(INDEX('DATA SUFFICIENCY'!$J$2:$J$63,MATCH(C32,'DATA SUFFICIENCY'!$B$2:$B$63,0)),0) -> 0.8 | BS32: =ROUND('SCORING METHOD'!$C$17*BJ32+'SCORING METHOD'!$C$18*BP32+'SCORING METHOD'!$C$19*BQ32+'SCORING METHOD'!$C$20*BR32*100,1) -> 65.6 | BT32: =IF(F32="INCLUDED",BJ32+(1000-ROW())/100000,-1) -> 78.70968 | BU32: =IF(F32="INCLUDED",BP32+(1000-ROW())/100000,-1) -> 43.40968 | BV32: =IF(F32="INCLUDED",BQ32+(1000-ROW())/100000,-1) -> 65.00968 | BW32: =IF(F32="INCLUDED",BS32+(1000-ROW())/100000,-1) -> 65.60968 | BX32: Largest synthetic character on IG in this set (7.35M).
A33: 32 | B33: Aitana Lopez | C33: fit_aitana | D33: https://www.instagram.com/fit_aitana/ | E33: DISCOVERED | F33: INCLUDED | H33: Spanish AI fitness/lifestyle model | I33: Established virtual influencer (pre-2026) | J33: Y | K33: 404112 | M33: 375 | N33: 22 | O33: PARTIAL (22/375) | P33: 46265 | Q33: Oldest of 22 sampled posts | R33: 46302 | S33: =IF(R33="","",'SCORING METHOD'!$C$5-R33) -> 2 | T33: 3 | U33: 4 | V33: 13 | W33: =IF(U33="","",U33/2) -> 2 | X33: 985 | Y33: 811 | Z33: 86 | AA33: 96 | AB33: 3 | AC33: =IF(OR(X33="",K33="",K33=0),"",(X33+N(Z33))/K33) -> 0.0026502554 | AD33: =IF(AC33="","UNKNOWN",IF(AC33>=0.05,"Very high",IF(AC33>=0.02,"High",IF(AC33>=0.005,"Medium","Low")))) -> Low | AE33: 1281 | AF33: 87 | AG33: 2697 | AH33: https://www.instagram.com/p/DeHf1OyIzas/ | AI33: 46300 | AJ33: 127 | AK33: Just kee... | AL33: 2697 | AM33: https://www.instagram.com/p/DeHf1OyIzas/ | AN33: 46300 | AO33: (not captured) | AQ33: NONE observed | AS33: UNKNOWN | AT33: openart_ai (14, tool), theclueless.ai (5, creator agency) | AU33: INFERRED: pink-haired fitness influencer | AV33: INFERRED: photoreal pink-haired woman | AW33: Photos/Reels | AX33: Likes hidden on 3 of last 12. | AY33: 4 | AZ33: 4 | BA33: 3 | BB33: 2 | BC33: 1 | BD33: =IF(K33="",0,MAX(0,MIN(1,(LOG10(MAX(1,K33))-3)/4))) -> 0.65162544 | BE33: =IF(X33="",0,MAX(0,MIN(1,(LOG10(MAX(1,X33))-2)/4))) -> 0.24835906 | BF33: =IF(AG33="",0,MAX(0,MIN(1,(LOG10(MAX(1,AG33))-3)/4))) -> 0.10772024 | BG33: =IF(V33="",0,MIN(1,V33/20)) -> 0.65 | BH33: =MAX(IF(P33="",0,MIN(1,('SCORING METHOD'!$C$5-P33)/730)),IF(M33="",0,MAX(0,MIN(1,(LOG10(MAX(1,M33))-1)/2.5)))) -> 0.62961251 | BI33: =IF(J33="Y",0.4,0)+0.6*N(AY33)/5 -> 0.88 | BJ33: =ROUND(BD33*'SCORING METHOD'!$C$6+BE33*'SCORING METHOD'!$C$7+BF33*'SCORING METHOD'!$C$8+BG33*'SCORING METHOD'!$C$9+BH33*'SCORING METHOD'!$C$10+BI33*'SCORING METHOD'!$C$11,1) -> 48.3 | BK33: =IF(AE33="",0,MAX(0,MIN(1,(LOG10(MAX(1,IF(X33="",AE33,MIN(AE33,X33))))-2)/4))) -> 0.24835906 | BL33: =IF(AL33="",0,MAX(0,MIN(1,(LOG10(MAX(1,AL33))-3)/4))) -> 0.10772024 | BM33: =IF(U33="",0,MIN(1,U33/14)) -> 0.28571429 | BN33: =IF(OR(P33="",K33="",N33="",M33="",M33=0),0,IF(AND('SCORING METHOD'!$C$5-P33<=60,N33/M33>=0.5),MAX(0,MIN(1,(LOG10(MAX(1,K33/MAX(1,'SCORING METHOD'!$C$5-P33)))-2)/2.5)),0)) -> 0 | BO33: =IF(S33="",0,MAX(0,MIN(1,1-(S33-3)/27))) -> 1 | BP33: =ROUND(BK33*'SCORING METHOD'!$C$12+BL33*'SCORING METHOD'!$C$13+BM33*'SCORING METHOD'!$C$14+BN33*'SCORING METHOD'!$C$15+BO33*'SCORING METHOD'!$C$16,1) -> 25.7 | BQ33: =ROUND((N(AZ33)+N(BA33)+N(BB33)+N(BC33))/20*100,1) -> 50 | BR33: =IFERROR(INDEX('DATA SUFFICIENCY'!$J$2:$J$63,MATCH(C33,'DATA SUFFICIENCY'!$B$2:$B$63,0)),0) -> 0.7 | BS33: =ROUND('SCORING METHOD'!$C$17*BJ33+'SCORING METHOD'!$C$18*BP33+'SCORING METHOD'!$C$19*BQ33+'SCORING METHOD'!$C$20*BR33*100,1) -> 45.1 | BT33: =IF(F33="INCLUDED",BJ33+(1000-ROW())/100000,-1) -> 48.30967 | BU33: =IF(F33="INCLUDED",BP33+(1000-ROW())/100000,-1) -> 25.70967 | BV33: =IF(F33="INCLUDED",BQ33+(1000-ROW())/100000,-1) -> 50.00967 | BW33: =IF(F33="INCLUDED",BS33+(1000-ROW())/100000,-1) -> 45.10967 | BX33: Benchmark agency-run AI model; low engagement rate.
A34: 33 | B34: Imma | C34: imma.gram | D34: https://www.instagram.com/imma.gram/ | E34: DISCOVERED | F34: INCLUDED | H34: Japanese virtual model (pink bob) | I34: Established virtual influencer (pre-2026) | J34: Y | K34: 377813 | M34: 967 | N34: 22 | O34: PARTIAL (22/967) | P34: 46212 | Q34: Oldest of 22 sampled posts | R34: 46302 | S34: =IF(R34="","",'SCORING METHOD'!$C$5-R34) -> 2 | T34: 2 | U34: 2 | V34: 5 | W34: =IF(U34="","",U34/2) -> 1 | Z34: 58 | AA34: 46 | AB34: 11 | AC34: =IF(OR(X34="",K34="",K34=0),"",(X34+N(Z34))/K34) | AD34: =IF(AC34="","UNKNOWN",IF(AC34>=0.05,"Very high",IF(AC34>=0.02,"High",IF(AC34>=0.005,"Medium","Low")))) -> UNKNOWN | AG34: 50556 | AH34: https://www.instagram.com/p/DdjHD7akvR8/ | AI34: 46286 | AJ34: 126 | AK34: 🧃🧢ギャル (only post with visible likes) | AO34: (not captured) | AQ34: NONE observed | AS34: UNKNOWN | AT34: tamanaramen (6), ayachoww (5), complexjapan (4) | AU34: INFERRED: Tokyo fashion icon | AV34: INFERRED: CGI woman with pink bob | AW34: Photos/carousels | AX34: Likes hidden on 11 of last 12 -> avg likes UNKNOWN. | AY34: 4 | AZ34: 5 | BA34: 3 | BB34: 3 | BC34: 2 | BD34: =IF(K34="",0,MAX(0,MIN(1,(LOG10(MAX(1,K34))-3)/4))) -> 0.64431922 | BE34: =IF(X34="",0,MAX(0,MIN(1,(LOG10(MAX(1,X34))-2)/4))) -> 0 | BF34: =IF(AG34="",0,MAX(0,MIN(1,(LOG10(MAX(1,AG34))-3)/4))) -> 0.42594318 | BG34: =IF(V34="",0,MIN(1,V34/20)) -> 0.25 | BH34: =MAX(IF(P34="",0,MIN(1,('SCORING METHOD'!$C$5-P34)/730)),IF(M34="",0,MAX(0,MIN(1,(LOG10(MAX(1,M34))-1)/2.5)))) -> 0.79417059 | BI34: =IF(J34="Y",0.4,0)+0.6*N(AY34)/5 -> 0.88 | BJ34: =ROUND(BD34*'SCORING METHOD'!$C$6+BE34*'SCORING METHOD'!$C$7+BF34*'SCORING METHOD'!$C$8+BG34*'SCORING METHOD'!$C$9+BH34*'SCORING METHOD'!$C$10+BI34*'SCORING METHOD'!$C$11,1) -> 47.1 | BK34: =IF(AE34="",0,MAX(0,MIN(1,(LOG10(MAX(1,IF(X34="",AE34,MIN(AE34,X34))))-2)/4))) -> 0 | BL34: =IF(AL34="",0,MAX(0,MIN(1,(LOG10(MAX(1,AL34))-3)/4))) -> 0 | BM34: =IF(U34="",0,MIN(1,U34/14)) -> 0.14285714 | BN34: =IF(OR(P34="",K34="",N34="",M34="",M34=0),0,IF(AND('SCORING METHOD'!$C$5-P34<=60,N34/M34>=0.5),MAX(0,MIN(1,(LOG10(MAX(1,K34/MAX(1,'SCORING METHOD'!$C$5-P34)))-2)/2.5)),0)) -> 0 | BO34: =IF(S34="",0,MAX(0,MIN(1,1-(S34-3)/27))) -> 1 | BP34: =ROUND(BK34*'SCORING METHOD'!$C$12+BL34*'SCORING METHOD'!$C$13+BM34*'SCORING METHOD'!$C$14+BN34*'SCORING METHOD'!$C$15+BO34*'SCORING METHOD'!$C$16,1) -> 12.1 | BQ34: =ROUND((N(AZ34)+N(BA34)+N(BB34)+N(BC34))/20*100,1) -> 65 | BR34: =IFERROR(INDEX('DATA SUFFICIENCY'!$J$2:$J$63,MATCH(C34,'DATA SUFFICIENCY'!$B$2:$B$63,0)),0) -> 0.7 | BS34: =ROUND('SCORING METHOD'!$C$17*BJ34+'SCORING METHOD'!$C$18*BP34+'SCORING METHOD'!$C$19*BQ34+'SCORING METHOD'!$C$20*BR34*100,1) -> 43.6 | BT34: =IF(F34="INCLUDED",BJ34+(1000-ROW())/100000,-1) -> 47.10966 | BU34: =IF(F34="INCLUDED",BP34+(1000-ROW())/100000,-1) -> 12.10966 | BV34: =IF(F34="INCLUDED",BQ34+(1000-ROW())/100000,-1) -> 65.00966 | BW34: =IF(F34="INCLUDED",BS34+(1000-ROW())/100000,-1) -> 43.60966 | BX34: Benchmark Asian virtual model; hidden likes limit scoring.
A35: 34 | B35: Mia Zelu | C35: miazelu | D35: https://www.instagram.com/miazelu/ | E35: DISCOVERED | F35: INCLUDED | H35: AI lifestyle/sports-event influencer | I35: Established virtual influencer (pre-2026) | J35: Y | K35: 283021 | M35: 154 | N35: 22 | O35: PARTIAL (22/154) | P35: 46224 | Q35: Oldest of 22 sampled posts | R35: 46296 | S35: =IF(R35="","",'SCORING METHOD'!$C$5-R35) -> 8 | T35: 0 | U35: 1 | V35: 5 | W35: =IF(U35="","",U35/2) -> 0.5 | X35: 1974 | Y35: 2012 | Z35: 108 | AA35: 93 | AB35: 0 | AC35: =IF(OR(X35="",K35="",K35=0),"",(X35+N(Z35))/K35) -> 0.0073563446 | AD35: =IF(AC35="","UNKNOWN",IF(AC35>=0.05,"Very high",IF(AC35>=0.02,"High",IF(AC35>=0.005,"Medium","Low")))) -> Medium | AE35: 518 | AF35: 70 | AG35: 5376 | AH35: https://www.instagram.com/p/DceUOwhgqXK/ | AI35: 46259 | AJ35: 228 | AK35: Sometime... | AL35: 518 | AM35: https://www.instagram.com/p/Dd9JtnIC7AY/ | AN35: 46296 | AO35: (not captured) | AQ35: NONE observed | AS35: UNKNOWN | AT35: lukazelu (2) | AU35: INFERRED: glamorous traveller | AV35: INFERRED: photoreal blonde woman | AW35: Carousels | AX35: Last post 2026-10-01. | AY35: 4 | AZ35: 3 | BA35: 3 | BB35: 2 | BC35: 2 | BD35: =IF(K35="",0,MAX(0,MIN(1,(LOG10(MAX(1,K35))-3)/4))) -> 0.61295467 | BE35: =IF(X35="",0,MAX(0,MIN(1,(LOG10(MAX(1,X35))-2)/4))) -> 0.32383679 | BF35: =IF(AG35="",0,MAX(0,MIN(1,(LOG10(MAX(1,AG35))-3)/4))) -> 0.18261482 | BG35: =IF(V35="",0,MIN(1,V35/20)) -> 0.25 | BH35: =MAX(IF(P35="",0,MIN(1,('SCORING METHOD'!$C$5-P35)/730)),IF(M35="",0,MAX(0,MIN(1,(LOG10(MAX(1,M35))-1)/2.5)))) -> 0.47500829 | BI35: =IF(J35="Y",0.4,0)+0.6*N(AY35)/5 -> 0.88 | BJ35: =ROUND(BD35*'SCORING METHOD'!$C$6+BE35*'SCORING METHOD'!$C$7+BF35*'SCORING METHOD'!$C$8+BG35*'SCORING METHOD'!$C$9+BH35*'SCORING METHOD'!$C$10+BI35*'SCORING METHOD'!$C$11,1) -> 44.6 | BK35: =IF(AE35="",0,MAX(0,MIN(1,(LOG10(MAX(1,IF(X35="",AE35,MIN(AE35,X35))))-2)/4))) -> 0.17858244 | BL35: =IF(AL35="",0,MAX(0,MIN(1,(LOG10(MAX(1,AL35))-3)/4))) -> 0 | BM35: =IF(U35="",0,MIN(1,U35/14)) -> 0.071428571 | BN35: =IF(OR(P35="",K35="",N35="",M35="",M35=0),0,IF(AND('SCORING METHOD'!$C$5-P35<=60,N35/M35>=0.5),MAX(0,MIN(1,(LOG10(MAX(1,K35/MAX(1,'SCORING METHOD'!$C$5-P35)))-2)/2.5)),0)) -> 0 | BO35: =IF(S35="",0,MAX(0,MIN(1,1-(S35-3)/27))) -> 0.81481481 | BP35: =ROUND(BK35*'SCORING METHOD'!$C$12+BL35*'SCORING METHOD'!$C$13+BM35*'SCORING METHOD'!$C$14+BN35*'SCORING METHOD'!$C$15+BO35*'SCORING METHOD'!$C$16,1) -> 15.5 | BQ35: =ROUND((N(AZ35)+N(BA35)+N(BB35)+N(BC35))/20*100,1) -> 50 | BR35: =IFERROR(INDEX('DATA SUFFICIENCY'!$J$2:$J$63,MATCH(C35,'DATA SUFFICIENCY'!$B$2:$B$63,0)),0) -> 0.8 | BS35: =ROUND('SCORING METHOD'!$C$17*BJ35+'SCORING METHOD'!$C$18*BP35+'SCORING METHOD'!$C$19*BQ35+'SCORING METHOD'!$C$20*BR35*100,1) -> 42.3 | BT35: =IF(F35="INCLUDED",BJ35+(1000-ROW())/100000,-1) -> 44.60965 | BU35: =IF(F35="INCLUDED",BP35+(1000-ROW())/100000,-1) -> 15.50965 | BV35: =IF(F35="INCLUDED",BQ35+(1000-ROW())/100000,-1) -> 50.00965 | BW35: =IF(F35="INCLUDED",BS35+(1000-ROW())/100000,-1) -> 42.30965 | BX35: Recognisable name, slowing cadence.
A36: 35 | B36: Kyra | C36: kyraonig | D36: https://www.instagram.com/kyraonig/ | E36: DISCOVERED | F36: INCLUDED | H36: Indian virtual influencer | I36: Established virtual influencer (pre-2026) | J36: Y | K36: 247516 | M36: 138 | N36: 22 | O36: PARTIAL (22/138) | P36: 45675 | Q36: Oldest of 22 sampled posts | R36: 46287 | S36: =IF(R36="","",'SCORING METHOD'!$C$5-R36) -> 17 | T36: 0 | U36: 0 | V36: 1 | W36: =IF(U36="","",U36/2) -> 0 | X36: 3057 | Y36: 1199 | Z36: 68 | AA36: 45 | AB36: 0 | AC36: =IF(OR(X36="",K36="",K36=0),"",(X36+N(Z36))/K36) -> 0.012625446 | AD36: =IF(AC36="","UNKNOWN",IF(AC36>=0.05,"Very high",IF(AC36>=0.02,"High",IF(AC36>=0.005,"Medium","Low")))) -> Medium | AG36: 21888 | AH36: https://www.instagram.com/p/DaftyHNP0qz/ | AI36: 46210 | AJ36: 309 | AK36: somewhe... (photo) | AO36: (not captured) | AQ36: NONE observed | AS36: UNKNOWN | AT36: thinkculturefoundation (10), caratlane (2, brand) | AU36: INFERRED: travel/lifestyle | AV36: INFERRED: photoreal Indian woman | AW36: Photos/Reels | AX36: No posts in last 14 days. | AY36: 3 | AZ36: 3 | BA36: 3 | BB36: 2 | BC36: 1 | BD36: =IF(K36="",0,MAX(0,MIN(1,(LOG10(MAX(1,K36))-3)/4))) -> 0.59840082 | BE36: =IF(X36="",0,MAX(0,MIN(1,(LOG10(MAX(1,X36))-2)/4))) -> 0.37132386 | BF36: =IF(AG36="",0,MAX(0,MIN(1,(LOG10(MAX(1,AG36))-3)/4))) -> 0.33505152 | BG36: =IF(V36="",0,MIN(1,V36/20)) -> 0.05 | BH36: =MAX(IF(P36="",0,MIN(1,('SCORING METHOD'!$C$5-P36)/730)),IF(M36="",0,MAX(0,MIN(1,(LOG10(MAX(1,M36))-1)/2.5)))) -> 0.86164384 | BI36: =IF(J36="Y",0.4,0)+0.6*N(AY36)/5 -> 0.76 | BJ36: =ROUND(BD36*'SCORING METHOD'!$C$6+BE36*'SCORING METHOD'!$C$7+BF36*'SCORING METHOD'!$C$8+BG36*'SCORING METHOD'!$C$9+BH36*'SCORING METHOD'!$C$10+BI36*'SCORING METHOD'!$C$11,1) -> 48.8 | BK36: =IF(AE36="",0,MAX(0,MIN(1,(LOG10(MAX(1,IF(X36="",AE36,MIN(AE36,X36))))-2)/4))) -> 0 | BL36: =IF(AL36="",0,MAX(0,MIN(1,(LOG10(MAX(1,AL36))-3)/4))) -> 0 | BM36: =IF(U36="",0,MIN(1,U36/14)) -> 0 | BN36: =IF(OR(P36="",K36="",N36="",M36="",M36=0),0,IF(AND('SCORING METHOD'!$C$5-P36<=60,N36/M36>=0.5),MAX(0,MIN(1,(LOG10(MAX(1,K36/MAX(1,'SCORING METHOD'!$C$5-P36)))-2)/2.5)),0)) -> 0 | BO36: =IF(S36="",0,MAX(0,MIN(1,1-(S36-3)/27))) -> 0.48148148 | BP36: =ROUND(BK36*'SCORING METHOD'!$C$12+BL36*'SCORING METHOD'!$C$13+BM36*'SCORING METHOD'!$C$14+BN36*'SCORING METHOD'!$C$15+BO36*'SCORING METHOD'!$C$16,1) -> 4.8 | BQ36: =ROUND((N(AZ36)+N(BA36)+N(BB36)+N(BC36))/20*100,1) -> 45 | BR36: =IFERROR(INDEX('DATA SUFFICIENCY'!$J$2:$J$63,MATCH(C36,'DATA SUFFICIENCY'!$B$2:$B$63,0)),0) -> 0.7 | BS36: =ROUND('SCORING METHOD'!$C$17*BJ36+'SCORING METHOD'!$C$18*BP36+'SCORING METHOD'!$C$19*BQ36+'SCORING METHOD'!$C$20*BR36*100,1) -> 38 | BT36: =IF(F36="INCLUDED",BJ36+(1000-ROW())/100000,-1) -> 48.80964 | BU36: =IF(F36="INCLUDED",BP36+(1000-ROW())/100000,-1) -> 4.80964 | BV36: =IF(F36="INCLUDED",BQ36+(1000-ROW())/100000,-1) -> 45.00964 | BW36: =IF(F36="INCLUDED",BS36+(1000-ROW())/100000,-1) -> 38.00964 | BX36: Market-specific (India) virtual influencer; dormant-ish.
A37: 36 | B37: Shudu | C37: shudu.gram | D37: https://www.instagram.com/shudu.gram/ | E37: DISCOVERED | F37: INCLUDED | H37: CGI supermodel (The Diigitals) | I37: Established virtual influencer (pre-2026) | J37: Y | K37: 235598 | M37: 211 | N37: 22 | O37: PARTIAL (22/211) | P37: 46039 | Q37: Oldest of 22 sampled posts | R37: 46267 | S37: =IF(R37="","",'SCORING METHOD'!$C$5-R37) -> 37 | T37: 0 | U37: 0 | V37: 0 | W37: =IF(U37="","",U37/2) -> 0 | X37: 295 | Y37: 276 | Z37: 44 | AA37: 39 | AB37: 0 | AC37: =IF(OR(X37="",K37="",K37=0),"",(X37+N(Z37))/K37) -> 0.0014388917 | AD37: =IF(AC37="","UNKNOWN",IF(AC37>=0.05,"Very high",IF(AC37>=0.02,"High",IF(AC37>=0.005,"Medium","Low")))) -> Low | AG37: 1083 | AH37: https://www.instagram.com/p/DV9MyM8iEAN/ | AI37: 46097 | AJ37: 42 | AK37: We used t... | AO37: (not captured) | AQ37: NONE observed | AS37: UNKNOWN | AT37: thediigitals (40, creator), openart_ai (41), cameron.gram (30, fellow virtual model) | AU37: INFERRED: high-fashion model | AV37: INFERRED: photoreal dark-skinned model | AW37: Photos/Reels | AX37: Last post 2026-09-02 (37 days). | AY37: 4 | AZ37: 4 | BA37: 2 | BB37: 2 | BC37: 3 | BD37: =IF(K37="",0,MAX(0,MIN(1,(LOG10(MAX(1,K37))-3)/4))) -> 0.5930429 | BE37: =IF(X37="",0,MAX(0,MIN(1,(LOG10(MAX(1,X37))-2)/4))) -> 0.1174555 | BF37: =IF(AG37="",0,MAX(0,MIN(1,(LOG10(MAX(1,AG37))-3)/4))) -> 0.0086571142 | BG37: =IF(V37="",0,MIN(1,V37/20)) -> 0 | BH37: =MAX(IF(P37="",0,MIN(1,('SCORING METHOD'!$C$5-P37)/730)),IF(M37="",0,MAX(0,MIN(1,(LOG10(MAX(1,M37))-1)/2.5)))) -> 0.52971298 | BI37: =IF(J37="Y",0.4,0)+0.6*N(AY37)/5 -> 0.88 | BJ37: =ROUND(BD37*'SCORING METHOD'!$C$6+BE37*'SCORING METHOD'!$C$7+BF37*'SCORING METHOD'!$C$8+BG37*'SCORING METHOD'!$C$9+BH37*'SCORING METHOD'!$C$10+BI37*'SCORING METHOD'!$C$11,1) -> 34.4 | BK37: =IF(AE37="",0,MAX(0,MIN(1,(LOG10(MAX(1,IF(X37="",AE37,MIN(AE37,X37))))-2)/4))) -> 0 | BL37: =IF(AL37="",0,MAX(0,MIN(1,(LOG10(MAX(1,AL37))-3)/4))) -> 0 | BM37: =IF(U37="",0,MIN(1,U37/14)) -> 0 | BN37: =IF(OR(P37="",K37="",N37="",M37="",M37=0),0,IF(AND('SCORING METHOD'!$C$5-P37<=60,N37/M37>=0.5),MAX(0,MIN(1,(LOG10(MAX(1,K37/MAX(1,'SCORING METHOD'!$C$5-P37)))-2)/2.5)),0)) -> 0 | BO37: =IF(S37="",0,MAX(0,MIN(1,1-(S37-3)/27))) -> 0 | BP37: =ROUND(BK37*'SCORING METHOD'!$C$12+BL37*'SCORING METHOD'!$C$13+BM37*'SCORING METHOD'!$C$14+BN37*'SCORING METHOD'!$C$15+BO37*'SCORING METHOD'!$C$16,1) -> 0 | BQ37: =ROUND((N(AZ37)+N(BA37)+N(BB37)+N(BC37))/20*100,1) -> 55 | BR37: =IFERROR(INDEX('DATA SUFFICIENCY'!$J$2:$J$63,MATCH(C37,'DATA SUFFICIENCY'!$B$2:$B$63,0)),0) -> 0.8 | BS37: =ROUND('SCORING METHOD'!$C$17*BJ37+'SCORING METHOD'!$C$18*BP37+'SCORING METHOD'!$C$19*BQ37+'SCORING METHOD'!$C$20*BR37*100,1) -> 35 | BT37: =IF(F37="INCLUDED",BJ37+(1000-ROW())/100000,-1) -> 34.40963 | BU37: =IF(F37="INCLUDED",BP37+(1000-ROW())/100000,-1) -> 0.00963 | BV37: =IF(F37="INCLUDED",BQ37+(1000-ROW())/100000,-1) -> 55.00963 | BW37: =IF(F37="INCLUDED",BS37+(1000-ROW())/100000,-1) -> 35.00963 | BX37: Legacy benchmark; now low activity.
A38: 37 | B38: Bigfoot Vlog | C38: bigfootvlog | D38: https://www.instagram.com/bigfootvlog/ | E38: DISCOVERED | F38: INCLUDED | H38: AI Bigfoot vlogger | I38: AI vlog character (2025) | J38: N | K38: 239718 | M38: 92 | N38: 22 | O38: PARTIAL (22/92) | P38: 45805 | Q38: Pinned post (oldest in sample) | R38: 46303 | S38: =IF(R38="","",'SCORING METHOD'!$C$5-R38) -> 1 | T38: 1 | U38: 1 | V38: 4 | W38: =IF(U38="","",U38/2) -> 0.5 | X38: 7177 | Y38: 2034 | Z38: 72 | AA38: 18 | AB38: 0 | AC38: =IF(OR(X38="",K38="",K38=0),"",(X38+N(Z38))/K38) -> 0.030239698 | AD38: =IF(AC38="","UNKNOWN",IF(AC38>=0.05,"Very high",IF(AC38>=0.02,"High",IF(AC38>=0.005,"Medium","Low")))) -> High | AE38: 695 | AF38: 18 | AG38: 297057 | AH38: https://www.instagram.com/p/DKSml-3A7rF/ | AI38: 45807 | AJ38: 1849 | AK38: Bigfo... | AL38: 695 | AM38: https://www.instagram.com/p/DePYw13A70F/ | AN38: 46303 | AO38: (not captured) | AQ38: NONE observed | AS38: UNKNOWN | AT38: none observed | AU38: INFERRED: chatty cryptid vlogger | AV38: INFERRED: Bigfoot selfie-vlog | AW38: Reels | AX38: Unverified handle; several copycat 'bigfoot vlog' accounts exist. | AY38: 3 | AZ38: 4 | BA38: 4 | BB38: 2 | BC38: 1 | BD38: =IF(K38="",0,MAX(0,MIN(1,(LOG10(MAX(1,K38))-3)/4))) -> 0.59492516 | BE38: =IF(X38="",0,MAX(0,MIN(1,(LOG10(MAX(1,X38))-2)/4))) -> 0.46398574 | BF38: =IF(AG38="",0,MAX(0,MIN(1,(LOG10(MAX(1,AG38))-3)/4))) -> 0.61820995 | BG38: =IF(V38="",0,MIN(1,V38/20)) -> 0.2 | BH38: =MAX(IF(P38="",0,MIN(1,('SCORING METHOD'!$C$5-P38)/730)),IF(M38="",0,MAX(0,MIN(1,(LOG10(MAX(1,M38))-1)/2.5)))) -> 0.68356164 | BI38: =IF(J38="Y",0.4,0)+0.6*N(AY38)/5 -> 0.36 | BJ38: =ROUND(BD38*'SCORING METHOD'!$C$6+BE38*'SCORING METHOD'!$C$7+BF38*'SCORING METHOD'!$C$8+BG38*'SCORING METHOD'!$C$9+BH38*'SCORING METHOD'!$C$10+BI38*'SCORING METHOD'!$C$11,1) -> 51.9 | BK38: =IF(AE38="",0,MAX(0,MIN(1,(LOG10(MAX(1,IF(X38="",AE38,MIN(AE38,X38))))-2)/4))) -> 0.2104962 | BL38: =IF(AL38="",0,MAX(0,MIN(1,(LOG10(MAX(1,AL38))-3)/4))) -> 0 | BM38: =IF(U38="",0,MIN(1,U38/14)) -> 0.071428571 | BN38: =IF(OR(P38="",K38="",N38="",M38="",M38=0),0,IF(AND('SCORING METHOD'!$C$5-P38<=60,N38/M38>=0.5),MAX(0,MIN(1,(LOG10(MAX(1,K38/MAX(1,'SCORING METHOD'!$C$5-P38)))-2)/2.5)),0)) -> 0 | BO38: =IF(S38="",0,MAX(0,MIN(1,1-(S38-3)/27))) -> 1 | BP38: =ROUND(BK38*'SCORING METHOD'!$C$12+BL38*'SCORING METHOD'!$C$13+BM38*'SCORING METHOD'!$C$14+BN38*'SCORING METHOD'!$C$15+BO38*'SCORING METHOD'!$C$16,1) -> 18.4 | BQ38: =ROUND((N(AZ38)+N(BA38)+N(BB38)+N(BC38))/20*100,1) -> 55 | BR38: =IFERROR(INDEX('DATA SUFFICIENCY'!$J$2:$J$63,MATCH(C38,'DATA SUFFICIENCY'!$B$2:$B$63,0)),0) -> 0.6 | BS38: =ROUND('SCORING METHOD'!$C$17*BJ38+'SCORING METHOD'!$C$18*BP38+'SCORING METHOD'!$C$19*BQ38+'SCORING METHOD'!$C$20*BR38*100,1) -> 43.7 | BT38: =IF(F38="INCLUDED",BJ38+(1000-ROW())/100000,-1) -> 51.90962 | BU38: =IF(F38="INCLUDED",BP38+(1000-ROW())/100000,-1) -> 18.40962 | BV38: =IF(F38="INCLUDED",BQ38+(1000-ROW())/100000,-1) -> 55.00962 | BW38: =IF(F38="INCLUDED",BS38+(1000-ROW())/100000,-1) -> 43.70962 | BX38: Format-defining AI vlog character from 2025.
A39: 38 | B39: Tilly Norwood | C39: tillynorwood | D39: https://www.instagram.com/tillynorwood/ | E39: DISCOVERED | F39: INCLUDED | H39: AI 'actress' | I39: AI actress (Particle6) | J39: Y | K39: 183781 | M39: 43 | N39: 22 | O39: PARTIAL (22/43) | P39: 46125 | Q39: Oldest of 22 sampled non-pinned posts (pinned date 2025-07-30) | R39: 46301 | S39: =IF(R39="","",'SCORING METHOD'!$C$5-R39) -> 3 | T39: 2 | U39: 4 | V39: 9 | W39: =IF(U39="","",U39/2) -> 2 | X39: 634 | Y39: 187 | Z39: 116 | AA39: 52 | AB39: 0 | AC39: =IF(OR(X39="",K39="",K39=0),"",(X39+N(Z39))/K39) -> 0.0040809442 | AD39: =IF(AC39="","UNKNOWN",IF(AC39>=0.05,"Very high",IF(AC39>=0.02,"High",IF(AC39>=0.005,"Medium","Low")))) -> Low | AE39: 100 | AF39: 19 | AG39: 4238 | AH39: https://www.instagram.com/p/DdbhN3RBgYT/ | AI39: 46283 | AJ39: 654 | AK39: EXCLUSIV... | AL39: 183 | AM39: https://www.instagram.com/p/Dd6p3TAx8W1/ | AN39: 46295 | AO39: (not captured) | AQ39: NONE observed | AS39: UNKNOWN | AT39: particle6productions (8, creator), elinehq (7), piersmorgan (3, real), zurichfilm | AU39: INFERRED: aspiring screen actress | AV39: INFERRED: photoreal young woman | AW39: Reels/interviews | AX39: Comments-to-likes ratio unusually high (debate-driven). | AY39: 5 | AZ39: 3 | BA39: 2 | BB39: 2 | BC39: 2 | BD39: =IF(K39="",0,MAX(0,MIN(1,(LOG10(MAX(1,K39))-3)/4))) -> 0.56607515 | BE39: =IF(X39="",0,MAX(0,MIN(1,(LOG10(MAX(1,X39))-2)/4))) -> 0.20052231 | BF39: =IF(AG39="",0,MAX(0,MIN(1,(LOG10(MAX(1,AG39))-3)/4))) -> 0.15679024 | BG39: =IF(V39="",0,MIN(1,V39/20)) -> 0.45 | BH39: =MAX(IF(P39="",0,MIN(1,('SCORING METHOD'!$C$5-P39)/730)),IF(M39="",0,MAX(0,MIN(1,(LOG10(MAX(1,M39))-1)/2.5)))) -> 0.25338738 | BI39: =IF(J39="Y",0.4,0)+0.6*N(AY39)/5 -> 1 | BJ39: =ROUND(BD39*'SCORING METHOD'!$C$6+BE39*'SCORING METHOD'!$C$7+BF39*'SCORING METHOD'!$C$8+BG39*'SCORING METHOD'!$C$9+BH39*'SCORING METHOD'!$C$10+BI39*'SCORING METHOD'!$C$11,1) -> 41.2 | BK39: =IF(AE39="",0,MAX(0,MIN(1,(LOG10(MAX(1,IF(X39="",AE39,MIN(AE39,X39))))-2)/4))) -> 0 | BL39: =IF(AL39="",0,MAX(0,MIN(1,(LOG10(MAX(1,AL39))-3)/4))) -> 0 | BM39: =IF(U39="",0,MIN(1,U39/14)) -> 0.28571429 | BN39: =IF(OR(P39="",K39="",N39="",M39="",M39=0),0,IF(AND('SCORING METHOD'!$C$5-P39<=60,N39/M39>=0.5),MAX(0,MIN(1,(LOG10(MAX(1,K39/MAX(1,'SCORING METHOD'!$C$5-P39)))-2)/2.5)),0)) -> 0 | BO39: =IF(S39="",0,MAX(0,MIN(1,1-(S39-3)/27))) -> 1 | BP39: =ROUND(BK39*'SCORING METHOD'!$C$12+BL39*'SCORING METHOD'!$C$13+BM39*'SCORING METHOD'!$C$14+BN39*'SCORING METHOD'!$C$15+BO39*'SCORING METHOD'!$C$16,1) -> 14.3 | BQ39: =ROUND((N(AZ39)+N(BA39)+N(BB39)+N(BC39))/20*100,1) -> 45 | BR39: =IFERROR(INDEX('DATA SUFFICIENCY'!$J$2:$J$63,MATCH(C39,'DATA SUFFICIENCY'!$B$2:$B$63,0)),0) -> 0.8 | BS39: =ROUND('SCORING METHOD'!$C$17*BJ39+'SCORING METHOD'!$C$18*BP39+'SCORING METHOD'!$C$19*BQ39+'SCORING METHOD'!$C$20*BR39*100,1) -> 39.7 | BT39: =IF(F39="INCLUDED",BJ39+(1000-ROW())/100000,-1) -> 41.20961 | BU39: =IF(F39="INCLUDED",BP39+(1000-ROW())/100000,-1) -> 14.30961 | BV39: =IF(F39="INCLUDED",BQ39+(1000-ROW())/100000,-1) -> 45.00961 | BW39: =IF(F39="INCLUDED",BS39+(1000-ROW())/100000,-1) -> 39.70961 | BX39: High press recognisability, low IG engagement.
A40: 39 | B40: Dequavious Von | C40: dequavious_von | D40: https://www.instagram.com/dequavious_von/ | E40: REVIEWED | F40: WATCHLIST | G40: Stalled: no post since 2026-09-30 | H40: AI human, Jean Phil crossover | J40: N | K40: 17979 | M40: 16 | P40: 46290 | R40: 46295 | S40: =IF(R40="","",'SCORING METHOD'!$C$5-R40) -> 9 | W40: =IF(U40="","",U40/2) | X40: 995 | AC40: =IF(OR(X40="",K40="",K40=0),"",(X40+N(Z40))/K40) -> 0.055342344 | AD40: =IF(AC40="","UNKNOWN",IF(AC40>=0.05,"Very high",IF(AC40>=0.02,"High",IF(AC40>=0.005,"Medium","Low")))) -> Very high | AG40: 62430 | AT40: jean_philanthrope (2) | AY40: 1 | AZ40: 2 | BA40: 2 | BB40: 1 | BC40: 1 | BD40: =IF(K40="",0,MAX(0,MIN(1,(LOG10(MAX(1,K40))-3)/4))) -> 0.31369138 | BE40: =IF(X40="",0,MAX(0,MIN(1,(LOG10(MAX(1,X40))-2)/4))) -> 0.24945577 | BF40: =IF(AG40="",0,MAX(0,MIN(1,(LOG10(MAX(1,AG40))-3)/4))) -> 0.44884833 | BG40: =IF(V40="",0,MIN(1,V40/20)) -> 0 | BH40: =MAX(IF(P40="",0,MIN(1,('SCORING METHOD'!$C$5-P40)/730)),IF(M40="",0,MAX(0,MIN(1,(LOG10(MAX(1,M40))-1)/2.5)))) -> 0.081647993 | BI40: =IF(J40="Y",0.4,0)+0.6*N(AY40)/5 -> 0.12 | BJ40: =ROUND(BD40*'SCORING METHOD'!$C$6+BE40*'SCORING METHOD'!$C$7+BF40*'SCORING METHOD'!$C$8+BG40*'SCORING METHOD'!$C$9+BH40*'SCORING METHOD'!$C$10+BI40*'SCORING METHOD'!$C$11,1) -> 25.4 | BK40: =IF(AE40="",0,MAX(0,MIN(1,(LOG10(MAX(1,IF(X40="",AE40,MIN(AE40,X40))))-2)/4))) -> 0 | BL40: =IF(AL40="",0,MAX(0,MIN(1,(LOG10(MAX(1,AL40))-3)/4))) -> 0 | BM40: =IF(U40="",0,MIN(1,U40/14)) -> 0 | BN40: =IF(OR(P40="",K40="",N40="",M40="",M40=0),0,IF(AND('SCORING METHOD'!$C$5-P40<=60,N40/M40>=0.5),MAX(0,MIN(1,(LOG10(MAX(1,K40/MAX(1,'SCORING METHOD'!$C$5-P40)))-2)/2.5)),0)) -> 0 | BO40: =IF(S40="",0,MAX(0,MIN(1,1-(S40-3)/27))) -> 0.77777778 | BP40: =ROUND(BK40*'SCORING METHOD'!$C$12+BL40*'SCORING METHOD'!$C$13+BM40*'SCORING METHOD'!$C$14+BN40*'SCORING METHOD'!$C$15+BO40*'SCORING METHOD'!$C$16,1) -> 7.8 | BQ40: =ROUND((N(AZ40)+N(BA40)+N(BB40)+N(BC40))/20*100,1) -> 30 | BR40: =IFERROR(INDEX('DATA SUFFICIENCY'!$J$2:$J$63,MATCH(C40,'DATA SUFFICIENCY'!$B$2:$B$63,0)),0) -> 0.3 | BS40: =ROUND('SCORING METHOD'!$C$17*BJ40+'SCORING METHOD'!$C$18*BP40+'SCORING METHOD'!$C$19*BQ40+'SCORING METHOD'!$C$20*BR40*100,1) -> 21.7 | BT40: =IF(F40="INCLUDED",BJ40+(1000-ROW())/100000,-1) -> -1 | BU40: =IF(F40="INCLUDED",BP40+(1000-ROW())/100000,-1) -> -1 | BV40: =IF(F40="INCLUDED",BQ40+(1000-ROW())/100000,-1) -> -1 | BW40: =IF(F40="INCLUDED",BS40+(1000-ROW())/100000,-1) -> -1
A41: 40 | B41: Jade Orlhabit | C41: jadeorlhabit_ | D41: https://www.instagram.com/jadeorlhabit_/ | E41: REVIEWED | F41: WATCHLIST | G41: Lore-relevant (Jean Phil's love interest, 'Oui Monsieur.', CA in bio) but only 66 followers | H41: AI human, Jean Phil universe | J41: N | K41: 66 | M41: 30 | P41: 46289 | R41: 46303 | S41: =IF(R41="","",'SCORING METHOD'!$C$5-R41) -> 1 | W41: =IF(U41="","",U41/2) | X41: 28 | AC41: =IF(OR(X41="",K41="",K41=0),"",(X41+N(Z41))/K41) -> 0.42424242 | AD41: =IF(AC41="","UNKNOWN",IF(AC41>=0.05,"Very high",IF(AC41>=0.02,"High",IF(AC41>=0.005,"Medium","Low")))) -> Very high | AG41: 101 | AO41: Oui Monsieur. / CA: 8Ay16b…pump / @jean_philanthrope Love U 💋 | AT41: jean_philanthrope | AY41: 1 | AZ41: 2 | BA41: 2 | BB41: 1 | BC41: 1 | BD41: =IF(K41="",0,MAX(0,MIN(1,(LOG10(MAX(1,K41))-3)/4))) -> 0 | BE41: =IF(X41="",0,MAX(0,MIN(1,(LOG10(MAX(1,X41))-2)/4))) -> 0 | BF41: =IF(AG41="",0,MAX(0,MIN(1,(LOG10(MAX(1,AG41))-3)/4))) -> 0 | BG41: =IF(V41="",0,MIN(1,V41/20)) -> 0 | BH41: =MAX(IF(P41="",0,MIN(1,('SCORING METHOD'!$C$5-P41)/730)),IF(M41="",0,MAX(0,MIN(1,(LOG10(MAX(1,M41))-1)/2.5)))) -> 0.1908485 | BI41: =IF(J41="Y",0.4,0)+0.6*N(AY41)/5 -> 0.12 | BJ41: =ROUND(BD41*'SCORING METHOD'!$C$6+BE41*'SCORING METHOD'!$C$7+BF41*'SCORING METHOD'!$C$8+BG41*'SCORING METHOD'!$C$9+BH41*'SCORING METHOD'!$C$10+BI41*'SCORING METHOD'!$C$11,1) -> 3.1 | BK41: =IF(AE41="",0,MAX(0,MIN(1,(LOG10(MAX(1,IF(X41="",AE41,MIN(AE41,X41))))-2)/4))) -> 0 | BL41: =IF(AL41="",0,MAX(0,MIN(1,(LOG10(MAX(1,AL41))-3)/4))) -> 0 | BM41: =IF(U41="",0,MIN(1,U41/14)) -> 0 | BN41: =IF(OR(P41="",K41="",N41="",M41="",M41=0),0,IF(AND('SCORING METHOD'!$C$5-P41<=60,N41/M41>=0.5),MAX(0,MIN(1,(LOG10(MAX(1,K41/MAX(1,'SCORING METHOD'!$C$5-P41)))-2)/2.5)),0)) -> 0 | BO41: =IF(S41="",0,MAX(0,MIN(1,1-(S41-3)/27))) -> 1 | BP41: =ROUND(BK41*'SCORING METHOD'!$C$12+BL41*'SCORING METHOD'!$C$13+BM41*'SCORING METHOD'!$C$14+BN41*'SCORING METHOD'!$C$15+BO41*'SCORING METHOD'!$C$16,1) -> 10 | BQ41: =ROUND((N(AZ41)+N(BA41)+N(BB41)+N(BC41))/20*100,1) -> 30 | BR41: =IFERROR(INDEX('DATA SUFFICIENCY'!$J$2:$J$63,MATCH(C41,'DATA SUFFICIENCY'!$B$2:$B$63,0)),0) -> 0.3 | BS41: =ROUND('SCORING METHOD'!$C$17*BJ41+'SCORING METHOD'!$C$18*BP41+'SCORING METHOD'!$C$19*BQ41+'SCORING METHOD'!$C$20*BR41*100,1) -> 14.6 | BT41: =IF(F41="INCLUDED",BJ41+(1000-ROW())/100000,-1) -> -1 | BU41: =IF(F41="INCLUDED",BP41+(1000-ROW())/100000,-1) -> -1 | BV41: =IF(F41="INCLUDED",BQ41+(1000-ROW())/100000,-1) -> -1 | BW41: =IF(F41="INCLUDED",BS41+(1000-ROW())/100000,-1) -> -1
A42: 41 | B42: Official Evil Dog | C42: evildogi | D42: https://www.instagram.com/evildogi/ | E42: REVIEWED | F42: WATCHLIST | G42: Brand/merch meme page (shop in bio) - borderline mascot; very high volume (5,829 posts) | H42: Meme dog brand | J42: Y | K42: 667271 | M42: 5829 | R42: 46304 | S42: =IF(R42="","",'SCORING METHOD'!$C$5-R42) -> 0 | W42: =IF(U42="","",U42/2) | X42: 2991 | AC42: =IF(OR(X42="",K42="",K42=0),"",(X42+N(Z42))/K42) -> 0.0044824367 | AD42: =IF(AC42="","UNKNOWN",IF(AC42>=0.05,"Very high",IF(AC42>=0.02,"High",IF(AC42>=0.005,"Medium","Low")))) -> Low | AG42: 1106528 | AT42: candy.greyhound (2), sickmanai (2) | AY42: 1 | AZ42: 2 | BA42: 2 | BB42: 1 | BC42: 1 | BD42: =IF(K42="",0,MAX(0,MIN(1,(LOG10(MAX(1,K42))-3)/4))) -> 0.70607556 | BE42: =IF(X42="",0,MAX(0,MIN(1,(LOG10(MAX(1,X42))-2)/4))) -> 0.3689541 | BF42: =IF(AG42="",0,MAX(0,MIN(1,(LOG10(MAX(1,AG42))-3)/4))) -> 0.7609906 | BG42: =IF(V42="",0,MIN(1,V42/20)) -> 0 | BH42: =MAX(IF(P42="",0,MIN(1,('SCORING METHOD'!$C$5-P42)/730)),IF(M42="",0,MAX(0,MIN(1,(LOG10(MAX(1,M42))-1)/2.5)))) -> 1 | BI42: =IF(J42="Y",0.4,0)+0.6*N(AY42)/5 -> 0.52 | BJ42: =ROUND(BD42*'SCORING METHOD'!$C$6+BE42*'SCORING METHOD'!$C$7+BF42*'SCORING METHOD'!$C$8+BG42*'SCORING METHOD'!$C$9+BH42*'SCORING METHOD'!$C$10+BI42*'SCORING METHOD'!$C$11,1) -> 59 | BK42: =IF(AE42="",0,MAX(0,MIN(1,(LOG10(MAX(1,IF(X42="",AE42,MIN(AE42,X42))))-2)/4))) -> 0 | BL42: =IF(AL42="",0,MAX(0,MIN(1,(LOG10(MAX(1,AL42))-3)/4))) -> 0 | BM42: =IF(U42="",0,MIN(1,U42/14)) -> 0 | BN42: =IF(OR(P42="",K42="",N42="",M42="",M42=0),0,IF(AND('SCORING METHOD'!$C$5-P42<=60,N42/M42>=0.5),MAX(0,MIN(1,(LOG10(MAX(1,K42/MAX(1,'SCORING METHOD'!$C$5-P42)))-2)/2.5)),0)) -> 0 | BO42: =IF(S42="",0,MAX(0,MIN(1,1-(S42-3)/27))) -> 1 | BP42: =ROUND(BK42*'SCORING METHOD'!$C$12+BL42*'SCORING METHOD'!$C$13+BM42*'SCORING METHOD'!$C$14+BN42*'SCORING METHOD'!$C$15+BO42*'SCORING METHOD'!$C$16,1) -> 10 | BQ42: =ROUND((N(AZ42)+N(BA42)+N(BB42)+N(BC42))/20*100,1) -> 30 | BR42: =IFERROR(INDEX('DATA SUFFICIENCY'!$J$2:$J$63,MATCH(C42,'DATA SUFFICIENCY'!$B$2:$B$63,0)),0) -> 0.3 | BS42: =ROUND('SCORING METHOD'!$C$17*BJ42+'SCORING METHOD'!$C$18*BP42+'SCORING METHOD'!$C$19*BQ42+'SCORING METHOD'!$C$20*BR42*100,1) -> 34.2 | BT42: =IF(F42="INCLUDED",BJ42+(1000-ROW())/100000,-1) -> -1 | BU42: =IF(F42="INCLUDED",BP42+(1000-ROW())/100000,-1) -> -1 | BV42: =IF(F42="INCLUDED",BQ42+(1000-ROW())/100000,-1) -> -1 | BW42: =IF(F42="INCLUDED",BS42+(1000-ROW())/100000,-1) -> -1
A43: 42 | B43: Mr Twirlo | C43: mr_twirlo | D43: https://www.instagram.com/mr_twirlo/ | E43: REVIEWED | F43: WATCHLIST | G43: Small (8.2K) dance character; AI not declared | J43: N | K43: 8220 | M43: 54 | R43: 46304 | S43: =IF(R43="","",'SCORING METHOD'!$C$5-R43) -> 0 | W43: =IF(U43="","",U43/2) | X43: 1382 | AC43: =IF(OR(X43="",K43="",K43=0),"",(X43+N(Z43))/K43) -> 0.16812652 | AD43: =IF(AC43="","UNKNOWN",IF(AC43>=0.05,"Very high",IF(AC43>=0.02,"High",IF(AC43>=0.005,"Medium","Low")))) -> Very high | AG43: 17374 | AO43: Comedy • Dance • Entertainment / Road to 10K | AY43: 1 | AZ43: 2 | BA43: 2 | BB43: 1 | BC43: 1 | BD43: =IF(K43="",0,MAX(0,MIN(1,(LOG10(MAX(1,K43))-3)/4))) -> 0.22871795 | BE43: =IF(X43="",0,MAX(0,MIN(1,(LOG10(MAX(1,X43))-2)/4))) -> 0.28512701 | BF43: =IF(AG43="",0,MAX(0,MIN(1,(LOG10(MAX(1,AG43))-3)/4))) -> 0.30997495 | BG43: =IF(V43="",0,MIN(1,V43/20)) -> 0 | BH43: =MAX(IF(P43="",0,MIN(1,('SCORING METHOD'!$C$5-P43)/730)),IF(M43="",0,MAX(0,MIN(1,(LOG10(MAX(1,M43))-1)/2.5)))) -> 0.2929575 | BI43: =IF(J43="Y",0.4,0)+0.6*N(AY43)/5 -> 0.12 | BJ43: =ROUND(BD43*'SCORING METHOD'!$C$6+BE43*'SCORING METHOD'!$C$7+BF43*'SCORING METHOD'!$C$8+BG43*'SCORING METHOD'!$C$9+BH43*'SCORING METHOD'!$C$10+BI43*'SCORING METHOD'!$C$11,1) -> 22.9 | BK43: =IF(AE43="",0,MAX(0,MIN(1,(LOG10(MAX(1,IF(X43="",AE43,MIN(AE43,X43))))-2)/4))) -> 0 | BL43: =IF(AL43="",0,MAX(0,MIN(1,(LOG10(MAX(1,AL43))-3)/4))) -> 0 | BM43: =IF(U43="",0,MIN(1,U43/14)) -> 0 | BN43: =IF(OR(P43="",K43="",N43="",M43="",M43=0),0,IF(AND('SCORING METHOD'!$C$5-P43<=60,N43/M43>=0.5),MAX(0,MIN(1,(LOG10(MAX(1,K43/MAX(1,'SCORING METHOD'!$C$5-P43)))-2)/2.5)),0)) -> 0 | BO43: =IF(S43="",0,MAX(0,MIN(1,1-(S43-3)/27))) -> 1 | BP43: =ROUND(BK43*'SCORING METHOD'!$C$12+BL43*'SCORING METHOD'!$C$13+BM43*'SCORING METHOD'!$C$14+BN43*'SCORING METHOD'!$C$15+BO43*'SCORING METHOD'!$C$16,1) -> 10 | BQ43: =ROUND((N(AZ43)+N(BA43)+N(BB43)+N(BC43))/20*100,1) -> 30 | BR43: =IFERROR(INDEX('DATA SUFFICIENCY'!$J$2:$J$63,MATCH(C43,'DATA SUFFICIENCY'!$B$2:$B$63,0)),0) -> 0.3 | BS43: =ROUND('SCORING METHOD'!$C$17*BJ43+'SCORING METHOD'!$C$18*BP43+'SCORING METHOD'!$C$19*BQ43+'SCORING METHOD'!$C$20*BR43*100,1) -> 21.5 | BT43: =IF(F43="INCLUDED",BJ43+(1000-ROW())/100000,-1) -> -1 | BU43: =IF(F43="INCLUDED",BP43+(1000-ROW())/100000,-1) -> -1 | BV43: =IF(F43="INCLUDED",BQ43+(1000-ROW())/100000,-1) -> -1 | BW43: =IF(F43="INCLUDED",BS43+(1000-ROW())/100000,-1) -> -1
A44: 43 | B44: Kee-Koi-Man | C44: keekoiman | D44: https://www.instagram.com/keekoiman/ | E44: REVIEWED | F44: WATCHLIST | G44: Low engagement vs followers | J44: N | K44: 23520 | M44: 99 | R44: 46303 | S44: =IF(R44="","",'SCORING METHOD'!$C$5-R44) -> 1 | W44: =IF(U44="","",U44/2) | X44: 268 | AC44: =IF(OR(X44="",K44="",K44=0),"",(X44+N(Z44))/K44) -> 0.011394558 | AD44: =IF(AC44="","UNKNOWN",IF(AC44>=0.05,"Very high",IF(AC44>=0.02,"High",IF(AC44>=0.005,"Medium","Low")))) -> Medium | AG44: 55510 | AO44: 20k / 100k followers / DM me for collabs | AY44: 1 | AZ44: 2 | BA44: 2 | BB44: 1 | BC44: 1 | BD44: =IF(K44="",0,MAX(0,MIN(1,(LOG10(MAX(1,K44))-3)/4))) -> 0.34285933 | BE44: =IF(X44="",0,MAX(0,MIN(1,(LOG10(MAX(1,X44))-2)/4))) -> 0.1070337 | BF44: =IF(AG44="",0,MAX(0,MIN(1,(LOG10(MAX(1,AG44))-3)/4))) -> 0.43609281 | BG44: =IF(V44="",0,MIN(1,V44/20)) -> 0 | BH44: =MAX(IF(P44="",0,MIN(1,('SCORING METHOD'!$C$5-P44)/730)),IF(M44="",0,MAX(0,MIN(1,(LOG10(MAX(1,M44))-1)/2.5)))) -> 0.39825408 | BI44: =IF(J44="Y",0.4,0)+0.6*N(AY44)/5 -> 0.12 | BJ44: =ROUND(BD44*'SCORING METHOD'!$C$6+BE44*'SCORING METHOD'!$C$7+BF44*'SCORING METHOD'!$C$8+BG44*'SCORING METHOD'!$C$9+BH44*'SCORING METHOD'!$C$10+BI44*'SCORING METHOD'!$C$11,1) -> 26.3 | BK44: =IF(AE44="",0,MAX(0,MIN(1,(LOG10(MAX(1,IF(X44="",AE44,MIN(AE44,X44))))-2)/4))) -> 0 | BL44: =IF(AL44="",0,MAX(0,MIN(1,(LOG10(MAX(1,AL44))-3)/4))) -> 0 | BM44: =IF(U44="",0,MIN(1,U44/14)) -> 0 | BN44: =IF(OR(P44="",K44="",N44="",M44="",M44=0),0,IF(AND('SCORING METHOD'!$C$5-P44<=60,N44/M44>=0.5),MAX(0,MIN(1,(LOG10(MAX(1,K44/MAX(1,'SCORING METHOD'!$C$5-P44)))-2)/2.5)),0)) -> 0 | BO44: =IF(S44="",0,MAX(0,MIN(1,1-(S44-3)/27))) -> 1 | BP44: =ROUND(BK44*'SCORING METHOD'!$C$12+BL44*'SCORING METHOD'!$C$13+BM44*'SCORING METHOD'!$C$14+BN44*'SCORING METHOD'!$C$15+BO44*'SCORING METHOD'!$C$16,1) -> 10 | BQ44: =ROUND((N(AZ44)+N(BA44)+N(BB44)+N(BC44))/20*100,1) -> 30 | BR44: =IFERROR(INDEX('DATA SUFFICIENCY'!$J$2:$J$63,MATCH(C44,'DATA SUFFICIENCY'!$B$2:$B$63,0)),0) -> 0.3 | BS44: =ROUND('SCORING METHOD'!$C$17*BJ44+'SCORING METHOD'!$C$18*BP44+'SCORING METHOD'!$C$19*BQ44+'SCORING METHOD'!$C$20*BR44*100,1) -> 22.7 | BT44: =IF(F44="INCLUDED",BJ44+(1000-ROW())/100000,-1) -> -1 | BU44: =IF(F44="INCLUDED",BP44+(1000-ROW())/100000,-1) -> -1 | BV44: =IF(F44="INCLUDED",BQ44+(1000-ROW())/100000,-1) -> -1 | BW44: =IF(F44="INCLUDED",BS44+(1000-ROW())/100000,-1) -> -1
A45: 44 | B45: Luther Longford | C45: lutherlongford | D45: https://www.instagram.com/lutherlongford/ | E45: REVIEWED | F45: WATCHLIST | G45: Shown by IG next to archibald_brown; content not reviewed (data lost in session) | J45: N | K45: 20917 | M45: 40 | S45: =IF(R45="","",'SCORING METHOD'!$C$5-R45) | W45: =IF(U45="","",U45/2) | AC45: =IF(OR(X45="",K45="",K45=0),"",(X45+N(Z45))/K45) | AD45: =IF(AC45="","UNKNOWN",IF(AC45>=0.05,"Very high",IF(AC45>=0.02,"High",IF(AC45>=0.005,"Medium","Low")))) -> UNKNOWN | AY45: 1 | AZ45: 2 | BA45: 2 | BB45: 1 | BC45: 1 | BD45: =IF(K45="",0,MAX(0,MIN(1,(LOG10(MAX(1,K45))-3)/4))) -> 0.33012485 | BE45: =IF(X45="",0,MAX(0,MIN(1,(LOG10(MAX(1,X45))-2)/4))) -> 0 | BF45: =IF(AG45="",0,MAX(0,MIN(1,(LOG10(MAX(1,AG45))-3)/4))) -> 0 | BG45: =IF(V45="",0,MIN(1,V45/20)) -> 0 | BH45: =MAX(IF(P45="",0,MIN(1,('SCORING METHOD'!$C$5-P45)/730)),IF(M45="",0,MAX(0,MIN(1,(LOG10(MAX(1,M45))-1)/2.5)))) -> 0.240824 | BI45: =IF(J45="Y",0.4,0)+0.6*N(AY45)/5 -> 0.12 | BJ45: =ROUND(BD45*'SCORING METHOD'!$C$6+BE45*'SCORING METHOD'!$C$7+BF45*'SCORING METHOD'!$C$8+BG45*'SCORING METHOD'!$C$9+BH45*'SCORING METHOD'!$C$10+BI45*'SCORING METHOD'!$C$11,1) -> 13.5 | BK45: =IF(AE45="",0,MAX(0,MIN(1,(LOG10(MAX(1,IF(X45="",AE45,MIN(AE45,X45))))-2)/4))) -> 0 | BL45: =IF(AL45="",0,MAX(0,MIN(1,(LOG10(MAX(1,AL45))-3)/4))) -> 0 | BM45: =IF(U45="",0,MIN(1,U45/14)) -> 0 | BN45: =IF(OR(P45="",K45="",N45="",M45="",M45=0),0,IF(AND('SCORING METHOD'!$C$5-P45<=60,N45/M45>=0.5),MAX(0,MIN(1,(LOG10(MAX(1,K45/MAX(1,'SCORING METHOD'!$C$5-P45)))-2)/2.5)),0)) -> 0 | BO45: =IF(S45="",0,MAX(0,MIN(1,1-(S45-3)/27))) -> 0 | BP45: =ROUND(BK45*'SCORING METHOD'!$C$12+BL45*'SCORING METHOD'!$C$13+BM45*'SCORING METHOD'!$C$14+BN45*'SCORING METHOD'!$C$15+BO45*'SCORING METHOD'!$C$16,1) -> 0 | BQ45: =ROUND((N(AZ45)+N(BA45)+N(BB45)+N(BC45))/20*100,1) -> 30 | BR45: =IFERROR(INDEX('DATA SUFFICIENCY'!$J$2:$J$63,MATCH(C45,'DATA SUFFICIENCY'!$B$2:$B$63,0)),0) -> 0.3 | BS45: =ROUND('SCORING METHOD'!$C$17*BJ45+'SCORING METHOD'!$C$18*BP45+'SCORING METHOD'!$C$19*BQ45+'SCORING METHOD'!$C$20*BR45*100,1) -> 15.2 | BT45: =IF(F45="INCLUDED",BJ45+(1000-ROW())/100000,-1) -> -1 | BU45: =IF(F45="INCLUDED",BP45+(1000-ROW())/100000,-1) -> -1 | BV45: =IF(F45="INCLUDED",BQ45+(1000-ROW())/100000,-1) -> -1 | BW45: =IF(F45="INCLUDED",BS45+(1000-ROW())/100000,-1) -> -1
A46: 45 | B46: Archie Pimm | C46: itsarchiepimm | D46: https://www.instagram.com/itsarchiepimm/ | E46: REVIEWED | F46: WATCHLIST | G46: Jean-Phil-like visual (blond hair, suit) 'UK lad finding myself in NYC'; AI not declared | J46: N | K46: 4831 | M46: 31 | S46: =IF(R46="","",'SCORING METHOD'!$C$5-R46) | W46: =IF(U46="","",U46/2) | AC46: =IF(OR(X46="",K46="",K46=0),"",(X46+N(Z46))/K46) | AD46: =IF(AC46="","UNKNOWN",IF(AC46>=0.05,"Very high",IF(AC46>=0.02,"High",IF(AC46>=0.005,"Medium","Low")))) -> UNKNOWN | AY46: 1 | AZ46: 2 | BA46: 2 | BB46: 1 | BC46: 1 | BD46: =IF(K46="",0,MAX(0,MIN(1,(LOG10(MAX(1,K46))-3)/4))) -> 0.17100926 | BE46: =IF(X46="",0,MAX(0,MIN(1,(LOG10(MAX(1,X46))-2)/4))) -> 0 | BF46: =IF(AG46="",0,MAX(0,MIN(1,(LOG10(MAX(1,AG46))-3)/4))) -> 0 | BG46: =IF(V46="",0,MIN(1,V46/20)) -> 0 | BH46: =MAX(IF(P46="",0,MIN(1,('SCORING METHOD'!$C$5-P46)/730)),IF(M46="",0,MAX(0,MIN(1,(LOG10(MAX(1,M46))-1)/2.5)))) -> 0.19654468 | BI46: =IF(J46="Y",0.4,0)+0.6*N(AY46)/5 -> 0.12 | BJ46: =ROUND(BD46*'SCORING METHOD'!$C$6+BE46*'SCORING METHOD'!$C$7+BF46*'SCORING METHOD'!$C$8+BG46*'SCORING METHOD'!$C$9+BH46*'SCORING METHOD'!$C$10+BI46*'SCORING METHOD'!$C$11,1) -> 8.3 | BK46: =IF(AE46="",0,MAX(0,MIN(1,(LOG10(MAX(1,IF(X46="",AE46,MIN(AE46,X46))))-2)/4))) -> 0 | BL46: =IF(AL46="",0,MAX(0,MIN(1,(LOG10(MAX(1,AL46))-3)/4))) -> 0 | BM46: =IF(U46="",0,MIN(1,U46/14)) -> 0 | BN46: =IF(OR(P46="",K46="",N46="",M46="",M46=0),0,IF(AND('SCORING METHOD'!$C$5-P46<=60,N46/M46>=0.5),MAX(0,MIN(1,(LOG10(MAX(1,K46/MAX(1,'SCORING METHOD'!$C$5-P46)))-2)/2.5)),0)) -> 0 | BO46: =IF(S46="",0,MAX(0,MIN(1,1-(S46-3)/27))) -> 0 | BP46: =ROUND(BK46*'SCORING METHOD'!$C$12+BL46*'SCORING METHOD'!$C$13+BM46*'SCORING METHOD'!$C$14+BN46*'SCORING METHOD'!$C$15+BO46*'SCORING METHOD'!$C$16,1) -> 0 | BQ46: =ROUND((N(AZ46)+N(BA46)+N(BB46)+N(BC46))/20*100,1) -> 30 | BR46: =IFERROR(INDEX('DATA SUFFICIENCY'!$J$2:$J$63,MATCH(C46,'DATA SUFFICIENCY'!$B$2:$B$63,0)),0) -> 0.3 | BS46: =ROUND('SCORING METHOD'!$C$17*BJ46+'SCORING METHOD'!$C$18*BP46+'SCORING METHOD'!$C$19*BQ46+'SCORING METHOD'!$C$20*BR46*100,1) -> 13.4 | BT46: =IF(F46="INCLUDED",BJ46+(1000-ROW())/100000,-1) -> -1 | BU46: =IF(F46="INCLUDED",BP46+(1000-ROW())/100000,-1) -> -1 | BV46: =IF(F46="INCLUDED",BQ46+(1000-ROW())/100000,-1) -> -1 | BW46: =IF(F46="INCLUDED",BS46+(1000-ROW())/100000,-1) -> -1
A47: 46 | B47: Abdul Bigote | C47: abdulbigote | D47: https://www.instagram.com/abdulbigote/ | E47: REVIEWED | F47: WATCHLIST | G47: Verified but tiny (2.5K); 'The Arab uncle...' archetype | J47: Y | K47: 2537 | M47: 16 | S47: =IF(R47="","",'SCORING METHOD'!$C$5-R47) | W47: =IF(U47="","",U47/2) | X47: 93 | AC47: =IF(OR(X47="",K47="",K47=0),"",(X47+N(Z47))/K47) -> 0.036657469 | AD47: =IF(AC47="","UNKNOWN",IF(AC47>=0.05,"Very high",IF(AC47>=0.02,"High",IF(AC47>=0.005,"Medium","Low")))) -> High | AG47: 9693 | AY47: 1 | AZ47: 2 | BA47: 2 | BB47: 1 | BC47: 1 | BD47: =IF(K47="",0,MAX(0,MIN(1,(LOG10(MAX(1,K47))-3)/4))) -> 0.10108012 | BE47: =IF(X47="",0,MAX(0,MIN(1,(LOG10(MAX(1,X47))-2)/4))) -> 0 | BF47: =IF(AG47="",0,MAX(0,MIN(1,(LOG10(MAX(1,AG47))-3)/4))) -> 0.24661455 | BG47: =IF(V47="",0,MIN(1,V47/20)) -> 0 | BH47: =MAX(IF(P47="",0,MIN(1,('SCORING METHOD'!$C$5-P47)/730)),IF(M47="",0,MAX(0,MIN(1,(LOG10(MAX(1,M47))-1)/2.5)))) -> 0.081647993 | BI47: =IF(J47="Y",0.4,0)+0.6*N(AY47)/5 -> 0.52 | BJ47: =ROUND(BD47*'SCORING METHOD'!$C$6+BE47*'SCORING METHOD'!$C$7+BF47*'SCORING METHOD'!$C$8+BG47*'SCORING METHOD'!$C$9+BH47*'SCORING METHOD'!$C$10+BI47*'SCORING METHOD'!$C$11,1) -> 14 | BK47: =IF(AE47="",0,MAX(0,MIN(1,(LOG10(MAX(1,IF(X47="",AE47,MIN(AE47,X47))))-2)/4))) -> 0 | BL47: =IF(AL47="",0,MAX(0,MIN(1,(LOG10(MAX(1,AL47))-3)/4))) -> 0 | BM47: =IF(U47="",0,MIN(1,U47/14)) -> 0 | BN47: =IF(OR(P47="",K47="",N47="",M47="",M47=0),0,IF(AND('SCORING METHOD'!$C$5-P47<=60,N47/M47>=0.5),MAX(0,MIN(1,(LOG10(MAX(1,K47/MAX(1,'SCORING METHOD'!$C$5-P47)))-2)/2.5)),0)) -> 0 | BO47: =IF(S47="",0,MAX(0,MIN(1,1-(S47-3)/27))) -> 0 | BP47: =ROUND(BK47*'SCORING METHOD'!$C$12+BL47*'SCORING METHOD'!$C$13+BM47*'SCORING METHOD'!$C$14+BN47*'SCORING METHOD'!$C$15+BO47*'SCORING METHOD'!$C$16,1) -> 0 | BQ47: =ROUND((N(AZ47)+N(BA47)+N(BB47)+N(BC47))/20*100,1) -> 30 | BR47: =IFERROR(INDEX('DATA SUFFICIENCY'!$J$2:$J$63,MATCH(C47,'DATA SUFFICIENCY'!$B$2:$B$63,0)),0) -> 0.3 | BS47: =ROUND('SCORING METHOD'!$C$17*BJ47+'SCORING METHOD'!$C$18*BP47+'SCORING METHOD'!$C$19*BQ47+'SCORING METHOD'!$C$20*BR47*100,1) -> 15.4 | BT47: =IF(F47="INCLUDED",BJ47+(1000-ROW())/100000,-1) -> -1 | BU47: =IF(F47="INCLUDED",BP47+(1000-ROW())/100000,-1) -> -1 | BV47: =IF(F47="INCLUDED",BQ47+(1000-ROW())/100000,-1) -> -1 | BW47: =IF(F47="INCLUDED",BS47+(1000-ROW())/100000,-1) -> -1
A48: 47 | B48: Nigel Batt | C48: nigelbattofficial | D48: https://www.instagram.com/nigelbattofficial/ | E48: REVIEWED | F48: WATCHLIST | G48: Named in press; 33.7K followers but ~14 likes/post (follower-engagement mismatch); also @nigelbattsol (218) | J48: N | K48: 33674 | M48: 7 | R48: 46303 | S48: =IF(R48="","",'SCORING METHOD'!$C$5-R48) -> 1 | W48: =IF(U48="","",U48/2) | X48: 14 | AC48: =IF(OR(X48="",K48="",K48=0),"",(X48+N(Z48))/K48) -> 0.00041575102 | AD48: =IF(AC48="","UNKNOWN",IF(AC48>=0.05,"Very high",IF(AC48>=0.02,"High",IF(AC48>=0.005,"Medium","Low")))) -> Low | AG48: 30 | AY48: 1 | AZ48: 2 | BA48: 2 | BB48: 1 | BC48: 1 | BD48: =IF(K48="",0,MAX(0,MIN(1,(LOG10(MAX(1,K48))-3)/4))) -> 0.38182368 | BE48: =IF(X48="",0,MAX(0,MIN(1,(LOG10(MAX(1,X48))-2)/4))) -> 0 | BF48: =IF(AG48="",0,MAX(0,MIN(1,(LOG10(MAX(1,AG48))-3)/4))) -> 0 | BG48: =IF(V48="",0,MIN(1,V48/20)) -> 0 | BH48: =MAX(IF(P48="",0,MIN(1,('SCORING METHOD'!$C$5-P48)/730)),IF(M48="",0,MAX(0,MIN(1,(LOG10(MAX(1,M48))-1)/2.5)))) -> 0 | BI48: =IF(J48="Y",0.4,0)+0.6*N(AY48)/5 -> 0.12 | BJ48: =ROUND(BD48*'SCORING METHOD'!$C$6+BE48*'SCORING METHOD'!$C$7+BF48*'SCORING METHOD'!$C$8+BG48*'SCORING METHOD'!$C$9+BH48*'SCORING METHOD'!$C$10+BI48*'SCORING METHOD'!$C$11,1) -> 12.7 | BK48: =IF(AE48="",0,MAX(0,MIN(1,(LOG10(MAX(1,IF(X48="",AE48,MIN(AE48,X48))))-2)/4))) -> 0 | BL48: =IF(AL48="",0,MAX(0,MIN(1,(LOG10(MAX(1,AL48))-3)/4))) -> 0 | BM48: =IF(U48="",0,MIN(1,U48/14)) -> 0 | BN48: =IF(OR(P48="",K48="",N48="",M48="",M48=0),0,IF(AND('SCORING METHOD'!$C$5-P48<=60,N48/M48>=0.5),MAX(0,MIN(1,(LOG10(MAX(1,K48/MAX(1,'SCORING METHOD'!$C$5-P48)))-2)/2.5)),0)) -> 0 | BO48: =IF(S48="",0,MAX(0,MIN(1,1-(S48-3)/27))) -> 1 | BP48: =ROUND(BK48*'SCORING METHOD'!$C$12+BL48*'SCORING METHOD'!$C$13+BM48*'SCORING METHOD'!$C$14+BN48*'SCORING METHOD'!$C$15+BO48*'SCORING METHOD'!$C$16,1) -> 10 | BQ48: =ROUND((N(AZ48)+N(BA48)+N(BB48)+N(BC48))/20*100,1) -> 30 | BR48: =IFERROR(INDEX('DATA SUFFICIENCY'!$J$2:$J$63,MATCH(C48,'DATA SUFFICIENCY'!$B$2:$B$63,0)),0) -> 0.3 | BS48: =ROUND('SCORING METHOD'!$C$17*BJ48+'SCORING METHOD'!$C$18*BP48+'SCORING METHOD'!$C$19*BQ48+'SCORING METHOD'!$C$20*BR48*100,1) -> 17.9 | BT48: =IF(F48="INCLUDED",BJ48+(1000-ROW())/100000,-1) -> -1 | BU48: =IF(F48="INCLUDED",BP48+(1000-ROW())/100000,-1) -> -1 | BV48: =IF(F48="INCLUDED",BQ48+(1000-ROW())/100000,-1) -> -1 | BW48: =IF(F48="INCLUDED",BS48+(1000-ROW())/100000,-1) -> -1
A49: 48 | B49: Jean Philanthrope 'Evil Twin' | C49: jeanphilanthrope.co | D49: https://www.instagram.com/jeanphilanthrope.co/ | E49: REVIEWED | F49: EXCLUDED | G49: Copycat/promo of Jean Phil ('Create Videos Just Like Me'); 250K followers but ~336 likes/post | J49: N | K49: 250667 | M49: 51 | R49: 46304 | S49: =IF(R49="","",'SCORING METHOD'!$C$5-R49) -> 0 | W49: =IF(U49="","",U49/2) | X49: 336 | Y49: 333 | Z49: 14 | AC49: =IF(OR(X49="",K49="",K49=0),"",(X49+N(Z49))/K49) -> 0.0013962747 | AD49: =IF(AC49="","UNKNOWN",IF(AC49>=0.05,"Very high",IF(AC49>=0.02,"High",IF(AC49>=0.005,"Medium","Low")))) -> Low | AY49: 1 | AZ49: 2 | BA49: 2 | BB49: 1 | BC49: 1 | BD49: =IF(K49="",0,MAX(0,MIN(1,(LOG10(MAX(1,K49))-3)/4))) -> 0.59977429 | BE49: =IF(X49="",0,MAX(0,MIN(1,(LOG10(MAX(1,X49))-2)/4))) -> 0.13158482 | BF49: =IF(AG49="",0,MAX(0,MIN(1,(LOG10(MAX(1,AG49))-3)/4))) -> 0 | BG49: =IF(V49="",0,MIN(1,V49/20)) -> 0 | BH49: =MAX(IF(P49="",0,MIN(1,('SCORING METHOD'!$C$5-P49)/730)),IF(M49="",0,MAX(0,MIN(1,(LOG10(MAX(1,M49))-1)/2.5)))) -> 0.28302807 | BI49: =IF(J49="Y",0.4,0)+0.6*N(AY49)/5 -> 0.12 | BJ49: =ROUND(BD49*'SCORING METHOD'!$C$6+BE49*'SCORING METHOD'!$C$7+BF49*'SCORING METHOD'!$C$8+BG49*'SCORING METHOD'!$C$9+BH49*'SCORING METHOD'!$C$10+BI49*'SCORING METHOD'!$C$11,1) -> 24.7 | BK49: =IF(AE49="",0,MAX(0,MIN(1,(LOG10(MAX(1,IF(X49="",AE49,MIN(AE49,X49))))-2)/4))) -> 0 | BL49: =IF(AL49="",0,MAX(0,MIN(1,(LOG10(MAX(1,AL49))-3)/4))) -> 0 | BM49: =IF(U49="",0,MIN(1,U49/14)) -> 0 | BN49: =IF(OR(P49="",K49="",N49="",M49="",M49=0),0,IF(AND('SCORING METHOD'!$C$5-P49<=60,N49/M49>=0.5),MAX(0,MIN(1,(LOG10(MAX(1,K49/MAX(1,'SCORING METHOD'!$C$5-P49)))-2)/2.5)),0)) -> 0 | BO49: =IF(S49="",0,MAX(0,MIN(1,1-(S49-3)/27))) -> 1 | BP49: =ROUND(BK49*'SCORING METHOD'!$C$12+BL49*'SCORING METHOD'!$C$13+BM49*'SCORING METHOD'!$C$14+BN49*'SCORING METHOD'!$C$15+BO49*'SCORING METHOD'!$C$16,1) -> 10 | BQ49: =ROUND((N(AZ49)+N(BA49)+N(BB49)+N(BC49))/20*100,1) -> 30 | BR49: =IFERROR(INDEX('DATA SUFFICIENCY'!$J$2:$J$63,MATCH(C49,'DATA SUFFICIENCY'!$B$2:$B$63,0)),0) -> 0.3 | BS49: =ROUND('SCORING METHOD'!$C$17*BJ49+'SCORING METHOD'!$C$18*BP49+'SCORING METHOD'!$C$19*BQ49+'SCORING METHOD'!$C$20*BR49*100,1) -> 22.1 | BT49: =IF(F49="INCLUDED",BJ49+(1000-ROW())/100000,-1) -> -1 | BU49: =IF(F49="INCLUDED",BP49+(1000-ROW())/100000,-1) -> -1 | BV49: =IF(F49="INCLUDED",BQ49+(1000-ROW())/100000,-1) -> -1 | BW49: =IF(F49="INCLUDED",BS49+(1000-ROW())/100000,-1) -> -1
A50: 49 | B50: Brigitte Macaron (copycat) | C50: brigitte_macaron_ | D50: https://www.instagram.com/brigitte_macaron_/ | E50: REVIEWED | F50: EXCLUDED | G50: Copycat of brigittemacaron_ ($MACARON in bio; 9 reposted clips on one day) | J50: N | K50: 268 | M50: 9 | R50: 46294 | S50: =IF(R50="","",'SCORING METHOD'!$C$5-R50) -> 10 | W50: =IF(U50="","",U50/2) | X50: 878 | AC50: =IF(OR(X50="",K50="",K50=0),"",(X50+N(Z50))/K50) -> 3.2761194 | AD50: =IF(AC50="","UNKNOWN",IF(AC50>=0.05,"Very high",IF(AC50>=0.02,"High",IF(AC50>=0.005,"Medium","Low")))) -> Very high | AY50: 1 | AZ50: 2 | BA50: 2 | BB50: 1 | BC50: 1 | BD50: =IF(K50="",0,MAX(0,MIN(1,(LOG10(MAX(1,K50))-3)/4))) -> 0 | BE50: =IF(X50="",0,MAX(0,MIN(1,(LOG10(MAX(1,X50))-2)/4))) -> 0.23587363 | BF50: =IF(AG50="",0,MAX(0,MIN(1,(LOG10(MAX(1,AG50))-3)/4))) -> 0 | BG50: =IF(V50="",0,MIN(1,V50/20)) -> 0 | BH50: =MAX(IF(P50="",0,MIN(1,('SCORING METHOD'!$C$5-P50)/730)),IF(M50="",0,MAX(0,MIN(1,(LOG10(MAX(1,M50))-1)/2.5)))) -> 0 | BI50: =IF(J50="Y",0.4,0)+0.6*N(AY50)/5 -> 0.12 | BJ50: =ROUND(BD50*'SCORING METHOD'!$C$6+BE50*'SCORING METHOD'!$C$7+BF50*'SCORING METHOD'!$C$8+BG50*'SCORING METHOD'!$C$9+BH50*'SCORING METHOD'!$C$10+BI50*'SCORING METHOD'!$C$11,1) -> 5.9 | BK50: =IF(AE50="",0,MAX(0,MIN(1,(LOG10(MAX(1,IF(X50="",AE50,MIN(AE50,X50))))-2)/4))) -> 0 | BL50: =IF(AL50="",0,MAX(0,MIN(1,(LOG10(MAX(1,AL50))-3)/4))) -> 0 | BM50: =IF(U50="",0,MIN(1,U50/14)) -> 0 | BN50: =IF(OR(P50="",K50="",N50="",M50="",M50=0),0,IF(AND('SCORING METHOD'!$C$5-P50<=60,N50/M50>=0.5),MAX(0,MIN(1,(LOG10(MAX(1,K50/MAX(1,'SCORING METHOD'!$C$5-P50)))-2)/2.5)),0)) -> 0 | BO50: =IF(S50="",0,MAX(0,MIN(1,1-(S50-3)/27))) -> 0.74074074 | BP50: =ROUND(BK50*'SCORING METHOD'!$C$12+BL50*'SCORING METHOD'!$C$13+BM50*'SCORING METHOD'!$C$14+BN50*'SCORING METHOD'!$C$15+BO50*'SCORING METHOD'!$C$16,1) -> 7.4 | BQ50: =ROUND((N(AZ50)+N(BA50)+N(BB50)+N(BC50))/20*100,1) -> 30 | BR50: =IFERROR(INDEX('DATA SUFFICIENCY'!$J$2:$J$63,MATCH(C50,'DATA SUFFICIENCY'!$B$2:$B$63,0)),0) -> 0.3 | BS50: =ROUND('SCORING METHOD'!$C$17*BJ50+'SCORING METHOD'!$C$18*BP50+'SCORING METHOD'!$C$19*BQ50+'SCORING METHOD'!$C$20*BR50*100,1) -> 14.8 | BT50: =IF(F50="INCLUDED",BJ50+(1000-ROW())/100000,-1) -> -1 | BU50: =IF(F50="INCLUDED",BP50+(1000-ROW())/100000,-1) -> -1 | BV50: =IF(F50="INCLUDED",BQ50+(1000-ROW())/100000,-1) -> -1 | BW50: =IF(F50="INCLUDED",BS50+(1000-ROW())/100000,-1) -> -1
A51: 50 | B51: Phil Jean | C51: phil_john_jean | D51: https://www.instagram.com/phil_john_jean/ | E51: REVIEWED | F51: EXCLUDED | G51: Jean Phil copycat | J51: N | K51: 11211 | M51: 36 | R51: 46304 | S51: =IF(R51="","",'SCORING METHOD'!$C$5-R51) -> 0 | W51: =IF(U51="","",U51/2) | X51: 755 | AC51: =IF(OR(X51="",K51="",K51=0),"",(X51+N(Z51))/K51) -> 0.067344572 | AD51: =IF(AC51="","UNKNOWN",IF(AC51>=0.05,"Very high",IF(AC51>=0.02,"High",IF(AC51>=0.005,"Medium","Low")))) -> Very high | AG51: 55837 | AY51: 1 | AZ51: 2 | BA51: 2 | BB51: 1 | BC51: 1 | BD51: =IF(K51="",0,MAX(0,MIN(1,(LOG10(MAX(1,K51))-3)/4))) -> 0.26241109 | BE51: =IF(X51="",0,MAX(0,MIN(1,(LOG10(MAX(1,X51))-2)/4))) -> 0.21948674 | BF51: =IF(AG51="",0,MAX(0,MIN(1,(LOG10(MAX(1,AG51))-3)/4))) -> 0.43673052 | BG51: =IF(V51="",0,MIN(1,V51/20)) -> 0 | BH51: =MAX(IF(P51="",0,MIN(1,('SCORING METHOD'!$C$5-P51)/730)),IF(M51="",0,MAX(0,MIN(1,(LOG10(MAX(1,M51))-1)/2.5)))) -> 0.222521 | BI51: =IF(J51="Y",0.4,0)+0.6*N(AY51)/5 -> 0.12 | BJ51: =ROUND(BD51*'SCORING METHOD'!$C$6+BE51*'SCORING METHOD'!$C$7+BF51*'SCORING METHOD'!$C$8+BG51*'SCORING METHOD'!$C$9+BH51*'SCORING METHOD'!$C$10+BI51*'SCORING METHOD'!$C$11,1) -> 24.4 | BK51: =IF(AE51="",0,MAX(0,MIN(1,(LOG10(MAX(1,IF(X51="",AE51,MIN(AE51,X51))))-2)/4))) -> 0 | BL51: =IF(AL51="",0,MAX(0,MIN(1,(LOG10(MAX(1,AL51))-3)/4))) -> 0 | BM51: =IF(U51="",0,MIN(1,U51/14)) -> 0 | BN51: =IF(OR(P51="",K51="",N51="",M51="",M51=0),0,IF(AND('SCORING METHOD'!$C$5-P51<=60,N51/M51>=0.5),MAX(0,MIN(1,(LOG10(MAX(1,K51/MAX(1,'SCORING METHOD'!$C$5-P51)))-2)/2.5)),0)) -> 0 | BO51: =IF(S51="",0,MAX(0,MIN(1,1-(S51-3)/27))) -> 1 | BP51: =ROUND(BK51*'SCORING METHOD'!$C$12+BL51*'SCORING METHOD'!$C$13+BM51*'SCORING METHOD'!$C$14+BN51*'SCORING METHOD'!$C$15+BO51*'SCORING METHOD'!$C$16,1) -> 10 | BQ51: =ROUND((N(AZ51)+N(BA51)+N(BB51)+N(BC51))/20*100,1) -> 30 | BR51: =IFERROR(INDEX('DATA SUFFICIENCY'!$J$2:$J$63,MATCH(C51,'DATA SUFFICIENCY'!$B$2:$B$63,0)),0) -> 0.3 | BS51: =ROUND('SCORING METHOD'!$C$17*BJ51+'SCORING METHOD'!$C$18*BP51+'SCORING METHOD'!$C$19*BQ51+'SCORING METHOD'!$C$20*BR51*100,1) -> 22 | BT51: =IF(F51="INCLUDED",BJ51+(1000-ROW())/100000,-1) -> -1 | BU51: =IF(F51="INCLUDED",BP51+(1000-ROW())/100000,-1) -> -1 | BV51: =IF(F51="INCLUDED",BQ51+(1000-ROW())/100000,-1) -> -1 | BW51: =IF(F51="INCLUDED",BS51+(1000-ROW())/100000,-1) -> -1
A52: 51 | B52: Noonoouri | C52: noonoouri | D52: https://www.instagram.com/noonoouri/ | E52: REVIEWED | F52: EXCLUDED | G52: Inactive: last post 2026-05-15 | J52: Y | K52: 454596 | M52: 2249 | R52: 46157 | S52: =IF(R52="","",'SCORING METHOD'!$C$5-R52) -> 147 | W52: =IF(U52="","",U52/2) | X52: 10565 | AC52: =IF(OR(X52="",K52="",K52=0),"",(X52+N(Z52))/K52) -> 0.023240416 | AD52: =IF(AC52="","UNKNOWN",IF(AC52>=0.05,"Very high",IF(AC52>=0.02,"High",IF(AC52>=0.005,"Medium","Low")))) -> High | AG52: 14637 | AY52: 1 | AZ52: 2 | BA52: 2 | BB52: 1 | BC52: 1 | BD52: =IF(K52="",0,MAX(0,MIN(1,(LOG10(MAX(1,K52))-3)/4))) -> 0.6644064 | BE52: =IF(X52="",0,MAX(0,MIN(1,(LOG10(MAX(1,X52))-2)/4))) -> 0.50596738 | BF52: =IF(AG52="",0,MAX(0,MIN(1,(LOG10(MAX(1,AG52))-3)/4))) -> 0.29136302 | BG52: =IF(V52="",0,MIN(1,V52/20)) -> 0 | BH52: =MAX(IF(P52="",0,MIN(1,('SCORING METHOD'!$C$5-P52)/730)),IF(M52="",0,MAX(0,MIN(1,(LOG10(MAX(1,M52))-1)/2.5)))) -> 0.94079578 | BI52: =IF(J52="Y",0.4,0)+0.6*N(AY52)/5 -> 0.52 | BJ52: =ROUND(BD52*'SCORING METHOD'!$C$6+BE52*'SCORING METHOD'!$C$7+BF52*'SCORING METHOD'!$C$8+BG52*'SCORING METHOD'!$C$9+BH52*'SCORING METHOD'!$C$10+BI52*'SCORING METHOD'!$C$11,1) -> 50.5 | BK52: =IF(AE52="",0,MAX(0,MIN(1,(LOG10(MAX(1,IF(X52="",AE52,MIN(AE52,X52))))-2)/4))) -> 0 | BL52: =IF(AL52="",0,MAX(0,MIN(1,(LOG10(MAX(1,AL52))-3)/4))) -> 0 | BM52: =IF(U52="",0,MIN(1,U52/14)) -> 0 | BN52: =IF(OR(P52="",K52="",N52="",M52="",M52=0),0,IF(AND('SCORING METHOD'!$C$5-P52<=60,N52/M52>=0.5),MAX(0,MIN(1,(LOG10(MAX(1,K52/MAX(1,'SCORING METHOD'!$C$5-P52)))-2)/2.5)),0)) -> 0 | BO52: =IF(S52="",0,MAX(0,MIN(1,1-(S52-3)/27))) -> 0 | BP52: =ROUND(BK52*'SCORING METHOD'!$C$12+BL52*'SCORING METHOD'!$C$13+BM52*'SCORING METHOD'!$C$14+BN52*'SCORING METHOD'!$C$15+BO52*'SCORING METHOD'!$C$16,1) -> 0 | BQ52: =ROUND((N(AZ52)+N(BA52)+N(BB52)+N(BC52))/20*100,1) -> 30 | BR52: =IFERROR(INDEX('DATA SUFFICIENCY'!$J$2:$J$63,MATCH(C52,'DATA SUFFICIENCY'!$B$2:$B$63,0)),0) -> 0.3 | BS52: =ROUND('SCORING METHOD'!$C$17*BJ52+'SCORING METHOD'!$C$18*BP52+'SCORING METHOD'!$C$19*BQ52+'SCORING METHOD'!$C$20*BR52*100,1) -> 28.2 | BT52: =IF(F52="INCLUDED",BJ52+(1000-ROW())/100000,-1) -> -1 | BU52: =IF(F52="INCLUDED",BP52+(1000-ROW())/100000,-1) -> -1 | BV52: =IF(F52="INCLUDED",BQ52+(1000-ROW())/100000,-1) -> -1 | BW52: =IF(F52="INCLUDED",BS52+(1000-ROW())/100000,-1) -> -1
A53: 52 | B53: Rozy | C53: rozy.gram | D53: https://www.instagram.com/rozy.gram/ | E53: REVIEWED | F53: EXCLUDED | G53: Inactive: last post 2026-04-01 | J53: Y | K53: 159731 | M53: 455 | R53: 46113 | S53: =IF(R53="","",'SCORING METHOD'!$C$5-R53) -> 191 | W53: =IF(U53="","",U53/2) | X53: 283 | AC53: =IF(OR(X53="",K53="",K53=0),"",(X53+N(Z53))/K53) -> 0.0017717287 | AD53: =IF(AC53="","UNKNOWN",IF(AC53>=0.05,"Very high",IF(AC53>=0.02,"High",IF(AC53>=0.005,"Medium","Low")))) -> Low | AG53: 11365 | AY53: 1 | AZ53: 2 | BA53: 2 | BB53: 1 | BC53: 1 | BD53: =IF(K53="",0,MAX(0,MIN(1,(LOG10(MAX(1,K53))-3)/4))) -> 0.5508473 | BE53: =IF(X53="",0,MAX(0,MIN(1,(LOG10(MAX(1,X53))-2)/4))) -> 0.11294661 | BF53: =IF(AG53="",0,MAX(0,MIN(1,(LOG10(MAX(1,AG53))-3)/4))) -> 0.26389236 | BG53: =IF(V53="",0,MIN(1,V53/20)) -> 0 | BH53: =MAX(IF(P53="",0,MIN(1,('SCORING METHOD'!$C$5-P53)/730)),IF(M53="",0,MAX(0,MIN(1,(LOG10(MAX(1,M53))-1)/2.5)))) -> 0.66320456 | BI53: =IF(J53="Y",0.4,0)+0.6*N(AY53)/5 -> 0.52 | BJ53: =ROUND(BD53*'SCORING METHOD'!$C$6+BE53*'SCORING METHOD'!$C$7+BF53*'SCORING METHOD'!$C$8+BG53*'SCORING METHOD'!$C$9+BH53*'SCORING METHOD'!$C$10+BI53*'SCORING METHOD'!$C$11,1) -> 35.9 | BK53: =IF(AE53="",0,MAX(0,MIN(1,(LOG10(MAX(1,IF(X53="",AE53,MIN(AE53,X53))))-2)/4))) -> 0 | BL53: =IF(AL53="",0,MAX(0,MIN(1,(LOG10(MAX(1,AL53))-3)/4))) -> 0 | BM53: =IF(U53="",0,MIN(1,U53/14)) -> 0 | BN53: =IF(OR(P53="",K53="",N53="",M53="",M53=0),0,IF(AND('SCORING METHOD'!$C$5-P53<=60,N53/M53>=0.5),MAX(0,MIN(1,(LOG10(MAX(1,K53/MAX(1,'SCORING METHOD'!$C$5-P53)))-2)/2.5)),0)) -> 0 | BO53: =IF(S53="",0,MAX(0,MIN(1,1-(S53-3)/27))) -> 0 | BP53: =ROUND(BK53*'SCORING METHOD'!$C$12+BL53*'SCORING METHOD'!$C$13+BM53*'SCORING METHOD'!$C$14+BN53*'SCORING METHOD'!$C$15+BO53*'SCORING METHOD'!$C$16,1) -> 0 | BQ53: =ROUND((N(AZ53)+N(BA53)+N(BB53)+N(BC53))/20*100,1) -> 30 | BR53: =IFERROR(INDEX('DATA SUFFICIENCY'!$J$2:$J$63,MATCH(C53,'DATA SUFFICIENCY'!$B$2:$B$63,0)),0) -> 0.3 | BS53: =ROUND('SCORING METHOD'!$C$17*BJ53+'SCORING METHOD'!$C$18*BP53+'SCORING METHOD'!$C$19*BQ53+'SCORING METHOD'!$C$20*BR53*100,1) -> 23.1 | BT53: =IF(F53="INCLUDED",BJ53+(1000-ROW())/100000,-1) -> -1 | BU53: =IF(F53="INCLUDED",BP53+(1000-ROW())/100000,-1) -> -1 | BV53: =IF(F53="INCLUDED",BQ53+(1000-ROW())/100000,-1) -> -1 | BW53: =IF(F53="INCLUDED",BS53+(1000-ROW())/100000,-1) -> -1
A54: 53 | B54: Blawko | C54: blawko22 | D54: https://www.instagram.com/blawko22/ | E54: REVIEWED | F54: EXCLUDED | G54: Inactive since 2020-09-18 | J54: Y | K54: 109283 | M54: 162 | R54: 44092 | S54: =IF(R54="","",'SCORING METHOD'!$C$5-R54) -> 2212 | W54: =IF(U54="","",U54/2) | X54: 8035 | AC54: =IF(OR(X54="",K54="",K54=0),"",(X54+N(Z54))/K54) -> 0.073524702 | AD54: =IF(AC54="","UNKNOWN",IF(AC54>=0.05,"Very high",IF(AC54>=0.02,"High",IF(AC54>=0.005,"Medium","Low")))) -> Very high | AG54: 27538 | AY54: 1 | AZ54: 2 | BA54: 2 | BB54: 1 | BC54: 1 | BD54: =IF(K54="",0,MAX(0,MIN(1,(LOG10(MAX(1,K54))-3)/4))) -> 0.50963815 | BE54: =IF(X54="",0,MAX(0,MIN(1,(LOG10(MAX(1,X54))-2)/4))) -> 0.47624647 | BF54: =IF(AG54="",0,MAX(0,MIN(1,(LOG10(MAX(1,AG54))-3)/4))) -> 0.3599831 | BG54: =IF(V54="",0,MIN(1,V54/20)) -> 0 | BH54: =MAX(IF(P54="",0,MIN(1,('SCORING METHOD'!$C$5-P54)/730)),IF(M54="",0,MAX(0,MIN(1,(LOG10(MAX(1,M54))-1)/2.5)))) -> 0.48380601 | BI54: =IF(J54="Y",0.4,0)+0.6*N(AY54)/5 -> 0.52 | BJ54: =ROUND(BD54*'SCORING METHOD'!$C$6+BE54*'SCORING METHOD'!$C$7+BF54*'SCORING METHOD'!$C$8+BG54*'SCORING METHOD'!$C$9+BH54*'SCORING METHOD'!$C$10+BI54*'SCORING METHOD'!$C$11,1) -> 42.1 | BK54: =IF(AE54="",0,MAX(0,MIN(1,(LOG10(MAX(1,IF(X54="",AE54,MIN(AE54,X54))))-2)/4))) -> 0 | BL54: =IF(AL54="",0,MAX(0,MIN(1,(LOG10(MAX(1,AL54))-3)/4))) -> 0 | BM54: =IF(U54="",0,MIN(1,U54/14)) -> 0 | BN54: =IF(OR(P54="",K54="",N54="",M54="",M54=0),0,IF(AND('SCORING METHOD'!$C$5-P54<=60,N54/M54>=0.5),MAX(0,MIN(1,(LOG10(MAX(1,K54/MAX(1,'SCORING METHOD'!$C$5-P54)))-2)/2.5)),0)) -> 0 | BO54: =IF(S54="",0,MAX(0,MIN(1,1-(S54-3)/27))) -> 0 | BP54: =ROUND(BK54*'SCORING METHOD'!$C$12+BL54*'SCORING METHOD'!$C$13+BM54*'SCORING METHOD'!$C$14+BN54*'SCORING METHOD'!$C$15+BO54*'SCORING METHOD'!$C$16,1) -> 0 | BQ54: =ROUND((N(AZ54)+N(BA54)+N(BB54)+N(BC54))/20*100,1) -> 30 | BR54: =IFERROR(INDEX('DATA SUFFICIENCY'!$J$2:$J$63,MATCH(C54,'DATA SUFFICIENCY'!$B$2:$B$63,0)),0) -> 0.3 | BS54: =ROUND('SCORING METHOD'!$C$17*BJ54+'SCORING METHOD'!$C$18*BP54+'SCORING METHOD'!$C$19*BQ54+'SCORING METHOD'!$C$20*BR54*100,1) -> 25.2 | BT54: =IF(F54="INCLUDED",BJ54+(1000-ROW())/100000,-1) -> -1 | BU54: =IF(F54="INCLUDED",BP54+(1000-ROW())/100000,-1) -> -1 | BV54: =IF(F54="INCLUDED",BQ54+(1000-ROW())/100000,-1) -> -1 | BW54: =IF(F54="INCLUDED",BS54+(1000-ROW())/100000,-1) -> -1
A55: 54 | B55: Bermuda | C55: bermudaisbae | D55: https://www.instagram.com/bermudaisbae/ | E55: REVIEWED | F55: EXCLUDED | G55: Inactive since 2020-09-21 | J55: Y | K55: 197419 | M55: 268 | R55: 44095 | S55: =IF(R55="","",'SCORING METHOD'!$C$5-R55) -> 2209 | W55: =IF(U55="","",U55/2) | X55: 22896 | AC55: =IF(OR(X55="",K55="",K55=0),"",(X55+N(Z55))/K55) -> 0.11597668 | AD55: =IF(AC55="","UNKNOWN",IF(AC55>=0.05,"Very high",IF(AC55>=0.02,"High",IF(AC55>=0.005,"Medium","Low")))) -> Very high | AG55: 43545 | AY55: 1 | AZ55: 2 | BA55: 2 | BB55: 1 | BC55: 1 | BD55: =IF(K55="",0,MAX(0,MIN(1,(LOG10(MAX(1,K55))-3)/4))) -> 0.57384724 | BE55: =IF(X55="",0,MAX(0,MIN(1,(LOG10(MAX(1,X55))-2)/4))) -> 0.5899399 | BF55: =IF(AG55="",0,MAX(0,MIN(1,(LOG10(MAX(1,AG55))-3)/4))) -> 0.40973457 | BG55: =IF(V55="",0,MIN(1,V55/20)) -> 0 | BH55: =MAX(IF(P55="",0,MIN(1,('SCORING METHOD'!$C$5-P55)/730)),IF(M55="",0,MAX(0,MIN(1,(LOG10(MAX(1,M55))-1)/2.5)))) -> 0.57125392 | BI55: =IF(J55="Y",0.4,0)+0.6*N(AY55)/5 -> 0.52 | BJ55: =ROUND(BD55*'SCORING METHOD'!$C$6+BE55*'SCORING METHOD'!$C$7+BF55*'SCORING METHOD'!$C$8+BG55*'SCORING METHOD'!$C$9+BH55*'SCORING METHOD'!$C$10+BI55*'SCORING METHOD'!$C$11,1) -> 48.1 | BK55: =IF(AE55="",0,MAX(0,MIN(1,(LOG10(MAX(1,IF(X55="",AE55,MIN(AE55,X55))))-2)/4))) -> 0 | BL55: =IF(AL55="",0,MAX(0,MIN(1,(LOG10(MAX(1,AL55))-3)/4))) -> 0 | BM55: =IF(U55="",0,MIN(1,U55/14)) -> 0 | BN55: =IF(OR(P55="",K55="",N55="",M55="",M55=0),0,IF(AND('SCORING METHOD'!$C$5-P55<=60,N55/M55>=0.5),MAX(0,MIN(1,(LOG10(MAX(1,K55/MAX(1,'SCORING METHOD'!$C$5-P55)))-2)/2.5)),0)) -> 0 | BO55: =IF(S55="",0,MAX(0,MIN(1,1-(S55-3)/27))) -> 0 | BP55: =ROUND(BK55*'SCORING METHOD'!$C$12+BL55*'SCORING METHOD'!$C$13+BM55*'SCORING METHOD'!$C$14+BN55*'SCORING METHOD'!$C$15+BO55*'SCORING METHOD'!$C$16,1) -> 0 | BQ55: =ROUND((N(AZ55)+N(BA55)+N(BB55)+N(BC55))/20*100,1) -> 30 | BR55: =IFERROR(INDEX('DATA SUFFICIENCY'!$J$2:$J$63,MATCH(C55,'DATA SUFFICIENCY'!$B$2:$B$63,0)),0) -> 0.3 | BS55: =ROUND('SCORING METHOD'!$C$17*BJ55+'SCORING METHOD'!$C$18*BP55+'SCORING METHOD'!$C$19*BQ55+'SCORING METHOD'!$C$20*BR55*100,1) -> 27.3 | BT55: =IF(F55="INCLUDED",BJ55+(1000-ROW())/100000,-1) -> -1 | BU55: =IF(F55="INCLUDED",BP55+(1000-ROW())/100000,-1) -> -1 | BV55: =IF(F55="INCLUDED",BQ55+(1000-ROW())/100000,-1) -> -1 | BW55: =IF(F55="INCLUDED",BS55+(1000-ROW())/100000,-1) -> -1
A56: 55 | B56: La Fève | C56: lafeve7 | D56: https://www.instagram.com/lafeve7/ | E56: REVIEWED | F56: EXCLUDED | G56: Real human artist (rapper) - tagged by Jean Phil | J56: Y | K56: 234650 | M56: 8 | S56: =IF(R56="","",'SCORING METHOD'!$C$5-R56) | W56: =IF(U56="","",U56/2) | AC56: =IF(OR(X56="",K56="",K56=0),"",(X56+N(Z56))/K56) | AD56: =IF(AC56="","UNKNOWN",IF(AC56>=0.05,"Very high",IF(AC56>=0.02,"High",IF(AC56>=0.005,"Medium","Low")))) -> UNKNOWN | AY56: 1 | AZ56: 2 | BA56: 2 | BB56: 1 | BC56: 1 | BD56: =IF(K56="",0,MAX(0,MIN(1,(LOG10(MAX(1,K56))-3)/4))) -> 0.59260514 | BE56: =IF(X56="",0,MAX(0,MIN(1,(LOG10(MAX(1,X56))-2)/4))) -> 0 | BF56: =IF(AG56="",0,MAX(0,MIN(1,(LOG10(MAX(1,AG56))-3)/4))) -> 0 | BG56: =IF(V56="",0,MIN(1,V56/20)) -> 0 | BH56: =MAX(IF(P56="",0,MIN(1,('SCORING METHOD'!$C$5-P56)/730)),IF(M56="",0,MAX(0,MIN(1,(LOG10(MAX(1,M56))-1)/2.5)))) -> 0 | BI56: =IF(J56="Y",0.4,0)+0.6*N(AY56)/5 -> 0.52 | BJ56: =ROUND(BD56*'SCORING METHOD'!$C$6+BE56*'SCORING METHOD'!$C$7+BF56*'SCORING METHOD'!$C$8+BG56*'SCORING METHOD'!$C$9+BH56*'SCORING METHOD'!$C$10+BI56*'SCORING METHOD'!$C$11,1) -> 23 | BK56: =IF(AE56="",0,MAX(0,MIN(1,(LOG10(MAX(1,IF(X56="",AE56,MIN(AE56,X56))))-2)/4))) -> 0 | BL56: =IF(AL56="",0,MAX(0,MIN(1,(LOG10(MAX(1,AL56))-3)/4))) -> 0 | BM56: =IF(U56="",0,MIN(1,U56/14)) -> 0 | BN56: =IF(OR(P56="",K56="",N56="",M56="",M56=0),0,IF(AND('SCORING METHOD'!$C$5-P56<=60,N56/M56>=0.5),MAX(0,MIN(1,(LOG10(MAX(1,K56/MAX(1,'SCORING METHOD'!$C$5-P56)))-2)/2.5)),0)) -> 0 | BO56: =IF(S56="",0,MAX(0,MIN(1,1-(S56-3)/27))) -> 0 | BP56: =ROUND(BK56*'SCORING METHOD'!$C$12+BL56*'SCORING METHOD'!$C$13+BM56*'SCORING METHOD'!$C$14+BN56*'SCORING METHOD'!$C$15+BO56*'SCORING METHOD'!$C$16,1) -> 0 | BQ56: =ROUND((N(AZ56)+N(BA56)+N(BB56)+N(BC56))/20*100,1) -> 30 | BR56: =IFERROR(INDEX('DATA SUFFICIENCY'!$J$2:$J$63,MATCH(C56,'DATA SUFFICIENCY'!$B$2:$B$63,0)),0) -> 0.3 | BS56: =ROUND('SCORING METHOD'!$C$17*BJ56+'SCORING METHOD'!$C$18*BP56+'SCORING METHOD'!$C$19*BQ56+'SCORING METHOD'!$C$20*BR56*100,1) -> 18.6 | BT56: =IF(F56="INCLUDED",BJ56+(1000-ROW())/100000,-1) -> -1 | BU56: =IF(F56="INCLUDED",BP56+(1000-ROW())/100000,-1) -> -1 | BV56: =IF(F56="INCLUDED",BQ56+(1000-ROW())/100000,-1) -> -1 | BW56: =IF(F56="INCLUDED",BS56+(1000-ROW())/100000,-1) -> -1
